주차구획수,급지구분,1일주차권요금적용시간,주차장관리번호,토요일운영시작시각,주차기본요금,소재지도로명주소,추가단위시간,주차장명,요금정보,위도,추가단위요금,데이터기준일자,주차장구분,평일운영시작시각,토요일운영종료시각,공휴일운영종료시각,관리기관명,운영요일,주차기본시간,특기사항,전화번호,소재지지번주소,평일운영종료시각,부제시행구분,1일주차권요금,경도,월정기권요금,공휴일운영시작시각,주차장유형,결제방법
48,1,4,150-1-000022,0:00,1000,대구광역시 중구 태평로 141(태평로2가),10,콘서트하우스 서편 노상주차장,유료,35.876627,500,2018-08-01,공영,8:00,0:00,0:00,대구광역시 중구청,평일,30,경차,장애인,국가유공자 할인,053-661-3173,대구광역시 중구 태평로2가 1-1,20:00,미시행,10000,128.591237,100000,0:00,노상,현금
437,1,,154-2-000001,0:00,500,대구광역시 북구 칠성시장로 54,10,신천둔치주차장,유료,35.876373,250,2018-03-12,공영,0:00,23:59,23:59,대구시설공단,평일+토요일+공휴일,30,,053-421-7114,대구광역시 북구 칠성동2가 656-1,23:59,미시행,5000,128.605783,50000,0:00,노외,현금,카드
31,2,,154-1-000002,0:00,600,대구광역시 북구 노원로 137,10,3공단로1주차장,유료,35.895204,300,2018-03-12,공영,7:00,0:00,0:00,대구시설공단,평일,30,,1577-6446,대구광역시 북구 노원동3가 252-3,16:00,미시행,3000,128.571933,60000,0:00,노상,현금
26,2,,154-1-000003,0:00,600,대구광역시 북구 3공단로 23,10,3공단로2주차장,유료,35.892684,300,2018-03-12,공영,8:00,0:00,0:00,대구시설공단,평일,30,,1577-6446,대구광역시 북구 노원동3가 252-1,18:00,미시행,3000,128.554087,60000,0:00,노상,현금
38,2,,154-1-000004,9:00,600,대구광역시 북구 대학로 95,10,경대북문건너편주차장,유료,35.893611,300,2018-03-12,공영,9:00,19:00,0:00,대구시설공단,평일+토요일,30,,1577-6446,대구광역시 북구 산격동 1329-4,19:00,미시행,6000,128.610485,80000,0:00,노상,현금
73,3,,154-1-000005,0:00,400,대구광역시 북구 매천로18길 19,10,농수산도매시장앞주차장,유료,35.903903,200,2018-03-12,공영,9:00,0:00,0:00,대구시설공단,평일,30,,1577-6446,대구광역시 북구 매천동 370,18:00,미시행,4000,128.544537,40000,0:00,노상,현금
50,1,,154-1-000006,9:00,1000,대구광역시 북구 고성로 182,10,대구시체육회앞주차장,유료,35.880407,500,2018-03-12,공영,9:00,19:00,0:00,대구시설공단,평일+토요일,30,,1577-6446,대구광역시 북구 고성동2가 57-2,19:00,미시행,10000,128.585853,100000,0:00,노상,현금
20,1,,154-1-000007,0:00,500,대구광역시 북구 원대로 110,10,북구청앞1주차장,유료,35.885704,250,2018-03-12,공영,8:00,0:00,0:00,대구시설공단,평일,30,,1577-6446,대구광역시 북구 침산3동 447-2,18:00,미시행,5000,128.582112,100000,0:00,노상,현금
14,1,,154-1-000008,0:00,500,대구광역시 북구 원대로 101,10,북구청앞2주차장,유료,35.8864769,250,2018-03-12,공영,8:00,0:00,0:00,대구시설공단,평일,30,,1577-6446,대구광역시 북구 노원1가 339,18:00,미시행,5000,128.582262,100000,0:00,노상,현금
107,2,,154-1-000009,0:00,600,대구광역시 북구 오봉로 57,10,삼양감속기앞주차장,유료,35.892901,300,2018-03-12,공영,7:00,0:00,0:00,대구시설공단,평일,30,,1577-6446,대구광역시 북구 노원 2가 4,16:00,미시행,6000,128.577479,60000,0:00,노상,현금
16,2,,154-1-000010,0:00,600,대구광역시 북구 노원로 31,10,풍국면앞주차장,유료,35.891824,300,2018-03-12,공영,7:00,0:00,0:00,대구시설공단,평일,30,,1577-6446,대구광역시 북구 노원동3가 370,16:00,미시행,6000,128.566035,60000,0:00,노상,현금
40,1,0,154-1-000014,7:00,500,대구광역시 북구 칠성남로 233,10,칠성꽃시장앞주차장,유료,35.877489,250,2018-03-12,공영,7:00,17:00,0:00,대구시설공단,평일+토요일,30,,1577-6446,대구광역시 북구 칠성동2가 276-85,17:00,미시행,0,128.596469,0,0:00,노상,현금,카드
32,1,0,154-1-000015,7:00,500,대구광역시 북구 칠성시장로 29,10,칠성농협앞주차장,유료,35.876461,250,2018-03-12,공영,7:00,17:00,0:00,대구시설공단,평일+토요일,30,,1577-6446,대구광역시 북구 칠성동1가 164-8,17:00,미시행,0,128.602135,0,0:00,노상,현금,카드
33,1,0,154-1-000016,7:00,500,대구광역시 북구 칠성시장로 28,10,칠성시장남편주차장,유료,35.875901,250,2018-03-12,공영,7:00,17:00,0:00,대구시설공단,평일+토요일,30,,1577-6446,대구광역시 북구 칠성동1가 276,17:00,미시행,0,128.604388,0,0:00,노상,현금,카드
28,1,0,154-1-000017,7:00,500,대구광역시 북구 칠성시장로 42,10,칠성시장북편주차장,유료,35.877692,250,2018-03-12,공영,7:00,17:00,0:00,대구시설공단,평일+토요일,30,,1577-6446,대구광역시 북구 칠성동1가 275-6,17:00,미시행,0,128.603272,0,0:00,노상,현금,카드
26,1,0,154-1-000018,7:00,500,대구광역시 북구 공평로 144-8,10,칠성시장서편주차장,유료,35.876779,250,2018-03-12,공영,7:00,17:00,0:00,대구시설공단,평일+토요일,30,,1577-6446,대구광역시 북구 칠성동1가 236-1,17:00,미시행,0,128.601384,0,0:00,노상,현금,카드
11,1,0,154-1-000019,7:00,500,대구광역시 북구 칠성가구시장로2길 8,10,칠성전자상가주차장,유료,35.879231,250,2018-03-12,공영,7:00,17:00,0:00,대구시설공단,평일+토요일,30,,1577-6446,대구광역시 북구 칠성동1가 279-1,17:00,미시행,0,128.602253,0,0:00,노상,현금,카드
43,2,,154-1-000020,8:00,300,대구광역시 북구 팔달로 105 만평역,10,만평R북편주차장,유료,35.889978,150,2018-03-12,공영,8:00,19:00,19:00,대구시설공단,평일+토요일+공휴일,30,,1577-6446,대구광역시 북구 노원동3가 252-3,19:00,미시행,3000,128.562047,,8:00,노상,현금
72,1,0,154-1-000022,7:00,500,대구광역시 북구 칠성시장로 28,10,칠성시장광로주차장,유료,35.879938,250,2018-03-12,공영,7:00,17:00,0:00,대구시설공단,평일+토요일,30,,1577-6446,대구광역시 북구 칠성동1가 276,17:00,미시행,0,128.602246,,0:00,노상,현금,카드
40,3,,154-1-000023,0:00,400,대구광역시 북구 구암로 158,10,한국농촌공사앞주차장,유료,35.931679,200,2018-03-12,공영,9:00,0:00,0:00,대구시설공단,평일,30,,1577-6446,대구광역시 북구 구암동 761-2,18:00,미시행,4000,128.557319,,0:00,노상,현금
164,2,,154-2-000024,0:00,300,대구광역시 북구 노원로 32,10,팔달신시장주차장,유료,35.891614,150,2018-03-12,공영,0:00,23:59,23:59,대구시설공단,평일+토요일+공휴일,30,,053-353-8969,대구광역시 북구 노원동3가 883-3,23:59,미시행,3000,128.566331,0,0:00,노외,현금,카드
163,1,,154-2-000025,0:00,500,대구광역시 북구 칠성남로 196,10,칠성공영주차장,유료,35.876006,250,2018-03-12,공영,0:00,23:59,23:59,대구시설공단,평일+토요일+공휴일,30,,053-421-9405,대구광역시 북구 칠성동1가 184-10,23:59,미시행,,128.601602,,0:00,노외,현금,카드
86,3,,154-2-000026,0:00,400,대구광역시 북구 호국로 43길 20,10,서변1주차장,유료,35.920926,200,2018-03-12,공영,10:00,0:00,0:00,대구시설공단,평일,30,,,대구광역시 북구 서변동 1778,19:00,미시행,,128.597894,,0:00,노외,현금
49,1,,154-1-000011,7:00,500,대구광역시 북구 칠성시장로 28,10,신천교고가도로밑주차장,유료,35.875661,250,2018-03-12,공영,7:00,17:00,0:00,대구시설공단,평일+토요일,30,,1577-6446,대구광역시 북구 칠성동1가 276,17:00,미시행,,128.606977,,0:00,노상,현금,카드
78,1,,154-1-000012,7:00,500,대구광역시 북구 칠성시장로 101,10,칠성시장고가도로밑주차장,유료,35.883395,250,2018-03-12,공영,7:00,17:00,0:00,대구시설공단,평일+토요일,30,,1577-6446,대구광역시 북구 칠성동2가 400-21,17:00,미시행,,128.600846,0,0:00,노상,현금
92,3,,154-2-000027,0:00,400,대구광역시 북구 호국로 43길 17,10,서변2주차장,유료,35.9209007,200,2018-03-12,공영,10:00,0:00,0:00,대구시설공단,평일,30,,,대구광역시 북구 서변동 1792,19:00,미시행,,128.597905,,0:00,노외,현금
102,3,,154-2-000028,8:00,200,대구광역시 북구 유통단지로8길 33,10,올브랜서편주차장,유료,35.904209,100,2018-03-12,공영,8:00,18:00,18:00,대구시설공단,평일+토요일+공휴일,30,,053-382-6446,대구광역시 북구 산격동 1640,18:00,미시행,,128.609056,,8:00,노외,현금
122,3,,154-2-000029,8:00,200,대구광역시 북구 유통단지로8길 19,10,EXCO동편주차장,유료,35.907346,100,2018-03-12,공영,8:00,18:00,18:00,대구시설공단,평일+토요일+공휴일,30,,053-382-6446,대구광역시 북구 산격동 1687,18:00,미시행,,128.615003,,8:00,노외,현금
106,3,,154-2-000030,8:00,200,대구광역시 북구 유통단지로 24길 42,10,COSTCO서편주차장,유료,35.905999,100,2018-03-12,공영,8:00,18:00,18:00,대구시설공단,평일+토요일+공휴일,30,,053-382-6446,대구광역시 북구 산격동 1739,18:00,미시행,,128.617092,,8:00,노외,현금
56,3,,154-2-000031,8:00,200,대구광역시 북구 유통단지로14길 17,10,한국패션센터주차장,유료,35.906053,100,2018-03-12,공영,8:00,18:00,18:00,대구시설공단,평일+토요일+공휴일,30,,053-382-6446,대구광역시 북구 산격동 1670,18:00,미시행,,128.611687,,8:00,노외,현금,카드
48,1,,154-2-000032,10:00,500,대구광역시 북구 대현남로10길 12,10,대현2동주차장,유료,35.881934,250,2018-03-12,공영,10:00,20:00,0:00,대구시설공단,평일+토요일,30,,,대구광역시 북구 대현동 393-1,20:00,미시행,,128.609039,,0:00,노외,현금
437,1,,154-2-000001,0:00,500,대구광역시 북구 칠성시장로 54,10,신천둔치주차장,유료,35.876373,250,2018-03-12,공영,0:00,23:59,23:59,대구시설공단,평일+토요일+공휴일,30,,053-421-7114,대구광역시 북구 칠성동2가 656-1,23:59,미시행,5000,128.605783,50000,0:00,노외,현금,카드
31,2,,154-1-000002,0:00,600,대구광역시 북구 노원로 137,10,3공단로1주차장,유료,35.895204,300,2018-03-12,공영,7:00,0:00,0:00,대구시설공단,평일,30,,1577-6446,대구광역시 북구 노원동3가 252-3,16:00,미시행,3000,128.571933,60000,0:00,노상,현금
26,2,,154-1-000003,0:00,600,대구광역시 북구 3공단로 23,10,3공단로2주차장,유료,35.892684,300,2018-03-12,공영,8:00,0:00,0:00,대구시설공단,평일,30,,1577-6446,대구광역시 북구 노원동3가 252-1,18:00,미시행,3000,128.554087,60000,0:00,노상,현금
38,2,,154-1-000004,9:00,600,대구광역시 북구 대학로 95,10,경대북문건너편주차장,유료,35.893611,300,2018-03-12,공영,9:00,19:00,0:00,대구시설공단,평일+토요일,30,,1577-6446,대구광역시 북구 산격동 1329-4,19:00,미시행,6000,128.610485,80000,0:00,노상,현금
73,3,,154-1-000005,0:00,400,대구광역시 북구 매천로18길 19,10,농수산도매시장앞주차장,유료,35.903903,200,2018-03-12,공영,9:00,0:00,0:00,대구시설공단,평일,30,,1577-6446,대구광역시 북구 매천동 370,18:00,미시행,4000,128.544537,40000,0:00,노상,현금
50,1,,154-1-000006,9:00,1000,대구광역시 북구 고성로 182,10,대구시체육회앞주차장,유료,35.880407,500,2018-03-12,공영,9:00,19:00,0:00,대구시설공단,평일+토요일,30,,1577-6446,대구광역시 북구 고성동2가 57-2,19:00,미시행,10000,128.585853,100000,0:00,노상,현금
20,1,,154-1-000007,0:00,500,대구광역시 북구 원대로 110,10,북구청앞1주차장,유료,35.885704,250,2018-03-12,공영,8:00,0:00,0:00,대구시설공단,평일,30,,1577-6446,대구광역시 북구 침산3동 447-2,18:00,미시행,5000,128.582112,100000,0:00,노상,현금
14,1,,154-1-000008,0:00,500,대구광역시 북구 원대로 101,10,북구청앞2주차장,유료,35.8864769,250,2018-03-12,공영,8:00,0:00,0:00,대구시설공단,평일,30,,1577-6446,대구광역시 북구 노원1가 339,18:00,미시행,5000,128.582262,100000,0:00,노상,현금
107,2,,154-1-000009,0:00,600,대구광역시 북구 오봉로 57,10,삼양감속기앞주차장,유료,35.892901,300,2018-03-12,공영,7:00,0:00,0:00,대구시설공단,평일,30,,1577-6446,대구광역시 북구 노원 2가 4,16:00,미시행,6000,128.577479,60000,0:00,노상,현금
16,2,,154-1-000010,0:00,600,대구광역시 북구 노원로 31,10,풍국면앞주차장,유료,35.891824,300,2018-03-12,공영,7:00,0:00,0:00,대구시설공단,평일,30,,1577-6446,대구광역시 북구 노원동3가 370,16:00,미시행,6000,128.566035,60000,0:00,노상,현금
40,1,0,154-1-000014,7:00,500,대구광역시 북구 칠성남로 233,10,칠성꽃시장앞주차장,유료,35.877489,250,2018-03-12,공영,7:00,17:00,0:00,대구시설공단,평일+토요일,30,,1577-6446,대구광역시 북구 칠성동2가 276-85,17:00,미시행,0,128.596469,0,0:00,노상,현금,카드
32,1,0,154-1-000015,7:00,500,대구광역시 북구 칠성시장로 29,10,칠성농협앞주차장,유료,35.876461,250,2018-03-12,공영,7:00,17:00,0:00,대구시설공단,평일+토요일,30,,1577-6446,대구광역시 북구 칠성동1가 164-8,17:00,미시행,0,128.602135,0,0:00,노상,현금,카드
33,1,0,154-1-000016,7:00,500,대구광역시 북구 칠성시장로 28,10,칠성시장남편주차장,유료,35.875901,250,2018-03-12,공영,7:00,17:00,0:00,대구시설공단,평일+토요일,30,,1577-6446,대구광역시 북구 칠성동1가 276,17:00,미시행,0,128.604388,0,0:00,노상,현금,카드
28,1,0,154-1-000017,7:00,500,대구광역시 북구 칠성시장로 42,10,칠성시장북편주차장,유료,35.877692,250,2018-03-12,공영,7:00,17:00,0:00,대구시설공단,평일+토요일,30,,1577-6446,대구광역시 북구 칠성동1가 275-6,17:00,미시행,0,128.603272,0,0:00,노상,현금,카드
26,1,0,154-1-000018,7:00,500,대구광역시 북구 공평로 144-8,10,칠성시장서편주차장,유료,35.876779,250,2018-03-12,공영,7:00,17:00,0:00,대구시설공단,평일+토요일,30,,1577-6446,대구광역시 북구 칠성동1가 236-1,17:00,미시행,0,128.601384,0,0:00,노상,현금,카드
11,1,0,154-1-000019,7:00,500,대구광역시 북구 칠성가구시장로2길 8,10,칠성전자상가주차장,유료,35.879231,250,2018-03-12,공영,7:00,17:00,0:00,대구시설공단,평일+토요일,30,,1577-6446,대구광역시 북구 칠성동1가 279-1,17:00,미시행,0,128.602253,0,0:00,노상,현금,카드
43,2,,154-1-000020,8:00,300,대구광역시 북구 팔달로 105 만평역,10,만평R북편주차장,유료,35.889978,150,2018-03-12,공영,8:00,19:00,19:00,대구시설공단,평일+토요일+공휴일,30,,1577-6446,대구광역시 북구 노원동3가 252-3,19:00,미시행,3000,128.562047,,8:00,노상,현금
72,1,0,154-1-000022,7:00,500,대구광역시 북구 칠성시장로 28,10,칠성시장광로주차장,유료,35.879938,250,2018-03-12,공영,7:00,17:00,0:00,대구시설공단,평일+토요일,30,,1577-6446,대구광역시 북구 칠성동1가 276,17:00,미시행,0,128.602246,,0:00,노상,현금,카드
40,3,,154-1-000023,0:00,400,대구광역시 북구 구암로 158,10,한국농촌공사앞주차장,유료,35.931679,200,2018-03-12,공영,9:00,0:00,0:00,대구시설공단,평일,30,,1577-6446,대구광역시 북구 구암동 761-2,18:00,미시행,4000,128.557319,,0:00,노상,현금
164,2,,154-2-000024,0:00,300,대구광역시 북구 노원로 32,10,팔달신시장주차장,유료,35.891614,150,2018-03-12,공영,0:00,23:59,23:59,대구시설공단,평일+토요일+공휴일,30,,053-353-8969,대구광역시 북구 노원동3가 883-3,23:59,미시행,3000,128.566331,0,0:00,노외,현금,카드
163,1,,154-2-000025,0:00,500,대구광역시 북구 칠성남로 196,10,칠성공영주차장,유료,35.876006,250,2018-03-12,공영,0:00,23:59,23:59,대구시설공단,평일+토요일+공휴일,30,,053-421-9405,대구광역시 북구 칠성동1가 184-10,23:59,미시행,,128.601602,,0:00,노외,현금,카드
86,3,,154-2-000026,0:00,400,대구광역시 북구 호국로 43길 20,10,서변1주차장,유료,35.920926,200,2018-03-12,공영,10:00,0:00,0:00,대구시설공단,평일,30,,,대구광역시 북구 서변동 1778,19:00,미시행,,128.597894,,0:00,노외,현금
49,1,,154-1-000011,7:00,500,대구광역시 북구 칠성시장로 28,10,신천교고가도로밑주차장,유료,35.875661,250,2018-03-12,공영,7:00,17:00,0:00,대구시설공단,평일+토요일,30,,1577-6446,대구광역시 북구 칠성동1가 276,17:00,미시행,,128.606977,,0:00,노상,현금,카드
78,1,,154-1-000012,7:00,500,대구광역시 북구 칠성시장로 101,10,칠성시장고가도로밑주차장,유료,35.883395,250,2018-03-12,공영,7:00,17:00,0:00,대구시설공단,평일+토요일,30,,1577-6446,대구광역시 북구 칠성동2가 400-21,17:00,미시행,,128.600846,0,0:00,노상,현금
92,3,,154-2-000027,0:00,400,대구광역시 북구 호국로 43길 17,10,서변2주차장,유료,35.9209007,200,2018-03-12,공영,10:00,0:00,0:00,대구시설공단,평일,30,,,대구광역시 북구 서변동 1792,19:00,미시행,,128.597905,,0:00,노외,현금
102,3,,154-2-000028,8:00,200,대구광역시 북구 유통단지로8길 33,10,올브랜서편주차장,유료,35.904209,100,2018-03-12,공영,8:00,18:00,18:00,대구시설공단,평일+토요일+공휴일,30,,053-382-6446,대구광역시 북구 산격동 1640,18:00,미시행,,128.609056,,8:00,노외,현금
122,3,,154-2-000029,8:00,200,대구광역시 북구 유통단지로8길 19,10,EXCO동편주차장,유료,35.907346,100,2018-03-12,공영,8:00,18:00,18:00,대구시설공단,평일+토요일+공휴일,30,,053-382-6446,대구광역시 북구 산격동 1687,18:00,미시행,,128.615003,,8:00,노외,현금
106,3,,154-2-000030,8:00,200,대구광역시 북구 유통단지로 24길 42,10,COSTCO서편주차장,유료,35.905999,100,2018-03-12,공영,8:00,18:00,18:00,대구시설공단,평일+토요일+공휴일,30,,053-382-6446,대구광역시 북구 산격동 1739,18:00,미시행,,128.617092,,8:00,노외,현금
56,3,,154-2-000031,8:00,200,대구광역시 북구 유통단지로14길 17,10,한국패션센터주차장,유료,35.906053,100,2018-03-12,공영,8:00,18:00,18:00,대구시설공단,평일+토요일+공휴일,30,,053-382-6446,대구광역시 북구 산격동 1670,18:00,미시행,,128.611687,,8:00,노외,현금,카드
48,1,,154-2-000032,10:00,500,대구광역시 북구 대현남로10길 12,10,대현2동주차장,유료,35.881934,250,2018-03-12,공영,10:00,20:00,0:00,대구시설공단,평일+토요일,30,,,대구광역시 북구 대현동 393-1,20:00,미시행,,128.609039,,0:00,노외,현금
437,1,,154-2-000001,0:00,500,대구광역시 북구 칠성시장로 54,10,신천둔치주차장,유료,35.876373,250,2018-03-12,공영,0:00,23:59,23:59,대구시설공단,평일+토요일+공휴일,30,,053-421-7114,대구광역시 북구 칠성동2가 656-1,23:59,미시행,5000,128.605783,50000,0:00,노외,현금,카드
31,2,,154-1-000002,0:00,600,대구광역시 북구 노원로 137,10,3공단로1주차장,유료,35.895204,300,2018-03-12,공영,7:00,0:00,0:00,대구시설공단,평일,30,,1577-6446,대구광역시 북구 노원동3가 252-3,16:00,미시행,3000,128.571933,60000,0:00,노상,현금
26,2,,154-1-000003,0:00,600,대구광역시 북구 3공단로 23,10,3공단로2주차장,유료,35.892684,300,2018-03-12,공영,8:00,0:00,0:00,대구시설공단,평일,30,,1577-6446,대구광역시 북구 노원동3가 252-1,18:00,미시행,3000,128.554087,60000,0:00,노상,현금
38,2,,154-1-000004,9:00,600,대구광역시 북구 대학로 95,10,경대북문건너편주차장,유료,35.893611,300,2018-03-12,공영,9:00,19:00,0:00,대구시설공단,평일+토요일,30,,1577-6446,대구광역시 북구 산격동 1329-4,19:00,미시행,6000,128.610485,80000,0:00,노상,현금
73,3,,154-1-000005,0:00,400,대구광역시 북구 매천로18길 19,10,농수산도매시장앞주차장,유료,35.903903,200,2018-03-12,공영,9:00,0:00,0:00,대구시설공단,평일,30,,1577-6446,대구광역시 북구 매천동 370,18:00,미시행,4000,128.544537,40000,0:00,노상,현금
50,1,,154-1-000006,9:00,1000,대구광역시 북구 고성로 182,10,대구시체육회앞주차장,유료,35.880407,500,2018-03-12,공영,9:00,19:00,0:00,대구시설공단,평일+토요일,30,,1577-6446,대구광역시 북구 고성동2가 57-2,19:00,미시행,10000,128.585853,100000,0:00,노상,현금
20,1,,154-1-000007,0:00,500,대구광역시 북구 원대로 110,10,북구청앞1주차장,유료,35.885704,250,2018-03-12,공영,8:00,0:00,0:00,대구시설공단,평일,30,,1577-6446,대구광역시 북구 침산3동 447-2,18:00,미시행,5000,128.582112,100000,0:00,노상,현금
14,1,,154-1-000008,0:00,500,대구광역시 북구 원대로 101,10,북구청앞2주차장,유료,35.8864769,250,2018-03-12,공영,8:00,0:00,0:00,대구시설공단,평일,30,,1577-6446,대구광역시 북구 노원1가 339,18:00,미시행,5000,128.582262,100000,0:00,노상,현금
107,2,,154-1-000009,0:00,600,대구광역시 북구 오봉로 57,10,삼양감속기앞주차장,유료,35.892901,300,2018-03-12,공영,7:00,0:00,0:00,대구시설공단,평일,30,,1577-6446,대구광역시 북구 노원 2가 4,16:00,미시행,6000,128.577479,60000,0:00,노상,현금
16,2,,154-1-000010,0:00,600,대구광역시 북구 노원로 31,10,풍국면앞주차장,유료,35.891824,300,2018-03-12,공영,7:00,0:00,0:00,대구시설공단,평일,30,,1577-6446,대구광역시 북구 노원동3가 370,16:00,미시행,6000,128.566035,60000,0:00,노상,현금
40,1,0,154-1-000014,7:00,500,대구광역시 북구 칠성남로 233,10,칠성꽃시장앞주차장,유료,35.877489,250,2018-03-12,공영,7:00,17:00,0:00,대구시설공단,평일+토요일,30,,1577-6446,대구광역시 북구 칠성동2가 276-85,17:00,미시행,0,128.596469,0,0:00,노상,현금,카드
32,1,0,154-1-000015,7:00,500,대구광역시 북구 칠성시장로 29,10,칠성농협앞주차장,유료,35.876461,250,2018-03-12,공영,7:00,17:00,0:00,대구시설공단,평일+토요일,30,,1577-6446,대구광역시 북구 칠성동1가 164-8,17:00,미시행,0,128.602135,0,0:00,노상,현금,카드
33,1,0,154-1-000016,7:00,500,대구광역시 북구 칠성시장로 28,10,칠성시장남편주차장,유료,35.875901,250,2018-03-12,공영,7:00,17:00,0:00,대구시설공단,평일+토요일,30,,1577-6446,대구광역시 북구 칠성동1가 276,17:00,미시행,0,128.604388,0,0:00,노상,현금,카드
28,1,0,154-1-000017,7:00,500,대구광역시 북구 칠성시장로 42,10,칠성시장북편주차장,유료,35.877692,250,2018-03-12,공영,7:00,17:00,0:00,대구시설공단,평일+토요일,30,,1577-6446,대구광역시 북구 칠성동1가 275-6,17:00,미시행,0,128.603272,0,0:00,노상,현금,카드
26,1,0,154-1-000018,7:00,500,대구광역시 북구 공평로 144-8,10,칠성시장서편주차장,유료,35.876779,250,2018-03-12,공영,7:00,17:00,0:00,대구시설공단,평일+토요일,30,,1577-6446,대구광역시 북구 칠성동1가 236-1,17:00,미시행,0,128.601384,0,0:00,노상,현금,카드
11,1,0,154-1-000019,7:00,500,대구광역시 북구 칠성가구시장로2길 8,10,칠성전자상가주차장,유료,35.879231,250,2018-03-12,공영,7:00,17:00,0:00,대구시설공단,평일+토요일,30,,1577-6446,대구광역시 북구 칠성동1가 279-1,17:00,미시행,0,128.602253,0,0:00,노상,현금,카드
43,2,,154-1-000020,8:00,300,대구광역시 북구 팔달로 105 만평역,10,만평R북편주차장,유료,35.889978,150,2018-03-12,공영,8:00,19:00,19:00,대구시설공단,평일+토요일+공휴일,30,,1577-6446,대구광역시 북구 노원동3가 252-3,19:00,미시행,3000,128.562047,,8:00,노상,현금
72,1,0,154-1-000022,7:00,500,대구광역시 북구 칠성시장로 28,10,칠성시장광로주차장,유료,35.879938,250,2018-03-12,공영,7:00,17:00,0:00,대구시설공단,평일+토요일,30,,1577-6446,대구광역시 북구 칠성동1가 276,17:00,미시행,0,128.602246,,0:00,노상,현금,카드
40,3,,154-1-000023,0:00,400,대구광역시 북구 구암로 158,10,한국농촌공사앞주차장,유료,35.931679,200,2018-03-12,공영,9:00,0:00,0:00,대구시설공단,평일,30,,1577-6446,대구광역시 북구 구암동 761-2,18:00,미시행,4000,128.557319,,0:00,노상,현금
164,2,,154-2-000024,0:00,300,대구광역시 북구 노원로 32,10,팔달신시장주차장,유료,35.891614,150,2018-03-12,공영,0:00,23:59,23:59,대구시설공단,평일+토요일+공휴일,30,,053-353-8969,대구광역시 북구 노원동3가 883-3,23:59,미시행,3000,128.566331,0,0:00,노외,현금,카드
163,1,,154-2-000025,0:00,500,대구광역시 북구 칠성남로 196,10,칠성공영주차장,유료,35.876006,250,2018-03-12,공영,0:00,23:59,23:59,대구시설공단,평일+토요일+공휴일,30,,053-421-9405,대구광역시 북구 칠성동1가 184-10,23:59,미시행,,128.601602,,0:00,노외,현금,카드
86,3,,154-2-000026,0:00,400,대구광역시 북구 호국로 43길 20,10,서변1주차장,유료,35.920926,200,2018-03-12,공영,10:00,0:00,0:00,대구시설공단,평일,30,,,대구광역시 북구 서변동 1778,19:00,미시행,,128.597894,,0:00,노외,현금
49,1,,154-1-000011,7:00,500,대구광역시 북구 칠성시장로 28,10,신천교고가도로밑주차장,유료,35.875661,250,2018-03-12,공영,7:00,17:00,0:00,대구시설공단,평일+토요일,30,,1577-6446,대구광역시 북구 칠성동1가 276,17:00,미시행,,128.606977,,0:00,노상,현금,카드
78,1,,154-1-000012,7:00,500,대구광역시 북구 칠성시장로 101,10,칠성시장고가도로밑주차장,유료,35.883395,250,2018-03-12,공영,7:00,17:00,0:00,대구시설공단,평일+토요일,30,,1577-6446,대구광역시 북구 칠성동2가 400-21,17:00,미시행,,128.600846,0,0:00,노상,현금
92,3,,154-2-000027,0:00,400,대구광역시 북구 호국로 43길 17,10,서변2주차장,유료,35.9209007,200,2018-03-12,공영,10:00,0:00,0:00,대구시설공단,평일,30,,,대구광역시 북구 서변동 1792,19:00,미시행,,128.597905,,0:00,노외,현금
102,3,,154-2-000028,8:00,200,대구광역시 북구 유통단지로8길 33,10,올브랜서편주차장,유료,35.904209,100,2018-03-12,공영,8:00,18:00,18:00,대구시설공단,평일+토요일+공휴일,30,,053-382-6446,대구광역시 북구 산격동 1640,18:00,미시행,,128.609056,,8:00,노외,현금
122,3,,154-2-000029,8:00,200,대구광역시 북구 유통단지로8길 19,10,EXCO동편주차장,유료,35.907346,100,2018-03-12,공영,8:00,18:00,18:00,대구시설공단,평일+토요일+공휴일,30,,053-382-6446,대구광역시 북구 산격동 1687,18:00,미시행,,128.615003,,8:00,노외,현금
106,3,,154-2-000030,8:00,200,대구광역시 북구 유통단지로 24길 42,10,COSTCO서편주차장,유료,35.905999,100,2018-03-12,공영,8:00,18:00,18:00,대구시설공단,평일+토요일+공휴일,30,,053-382-6446,대구광역시 북구 산격동 1739,18:00,미시행,,128.617092,,8:00,노외,현금
56,3,,154-2-000031,8:00,200,대구광역시 북구 유통단지로14길 17,10,한국패션센터주차장,유료,35.906053,100,2018-03-12,공영,8:00,18:00,18:00,대구시설공단,평일+토요일+공휴일,30,,053-382-6446,대구광역시 북구 산격동 1670,18:00,미시행,,128.611687,,8:00,노외,현금,카드
48,1,,154-2-000032,10:00,500,대구광역시 북구 대현남로10길 12,10,대현2동주차장,유료,35.881934,250,2018-03-12,공영,10:00,20:00,0:00,대구시설공단,평일+토요일,30,,,대구광역시 북구 대현동 393-1,20:00,미시행,,128.609039,,0:00,노외,현금
437,1,,154-2-000001,0:00,500,대구광역시 북구 칠성시장로 54,10,신천둔치주차장,유료,35.876373,250,2018-03-12,공영,0:00,23:59,23:59,대구시설공단,평일+토요일+공휴일,30,,053-421-7114,대구광역시 북구 칠성동2가 656-1,23:59,미시행,5000,128.605783,50000,0:00,노외,현금,카드
31,2,,154-1-000002,0:00,600,대구광역시 북구 노원로 137,10,3공단로1주차장,유료,35.895204,300,2018-03-12,공영,7:00,0:00,0:00,대구시설공단,평일,30,,1577-6446,대구광역시 북구 노원동3가 252-3,16:00,미시행,3000,128.571933,60000,0:00,노상,현금
26,2,,154-1-000003,0:00,600,대구광역시 북구 3공단로 23,10,3공단로2주차장,유료,35.892684,300,2018-03-12,공영,8:00,0:00,0:00,대구시설공단,평일,30,,1577-6446,대구광역시 북구 노원동3가 252-1,18:00,미시행,3000,128.554087,60000,0:00,노상,현금
38,2,,154-1-000004,9:00,600,대구광역시 북구 대학로 95,10,경대북문건너편주차장,유료,35.893611,300,2018-03-12,공영,9:00,19:00,0:00,대구시설공단,평일+토요일,30,,1577-6446,대구광역시 북구 산격동 1329-4,19:00,미시행,6000,128.610485,80000,0:00,노상,현금
73,3,,154-1-000005,0:00,400,대구광역시 북구 매천로18길 19,10,농수산도매시장앞주차장,유료,35.903903,200,2018-03-12,공영,9:00,0:00,0:00,대구시설공단,평일,30,,1577-6446,대구광역시 북구 매천동 370,18:00,미시행,4000,128.544537,40000,0:00,노상,현금
50,1,,154-1-000006,9:00,1000,대구광역시 북구 고성로 182,10,대구시체육회앞주차장,유료,35.880407,500,2018-03-12,공영,9:00,19:00,0:00,대구시설공단,평일+토요일,30,,1577-6446,대구광역시 북구 고성동2가 57-2,19:00,미시행,10000,128.585853,100000,0:00,노상,현금
20,1,,154-1-000007,0:00,500,대구광역시 북구 원대로 110,10,북구청앞1주차장,유료,35.885704,250,2018-03-12,공영,8:00,0:00,0:00,대구시설공단,평일,30,,1577-6446,대구광역시 북구 침산3동 447-2,18:00,미시행,5000,128.582112,100000,0:00,노상,현금
14,1,,154-1-000008,0:00,500,대구광역시 북구 원대로 101,10,북구청앞2주차장,유료,35.8864769,250,2018-03-12,공영,8:00,0:00,0:00,대구시설공단,평일,30,,1577-6446,대구광역시 북구 노원1가 339,18:00,미시행,5000,128.582262,100000,0:00,노상,현금
107,2,,154-1-000009,0:00,600,대구광역시 북구 오봉로 57,10,삼양감속기앞주차장,유료,35.892901,300,2018-03-12,공영,7:00,0:00,0:00,대구시설공단,평일,30,,1577-6446,대구광역시 북구 노원 2가 4,16:00,미시행,6000,128.577479,60000,0:00,노상,현금
16,2,,154-1-000010,0:00,600,대구광역시 북구 노원로 31,10,풍국면앞주차장,유료,35.891824,300,2018-03-12,공영,7:00,0:00,0:00,대구시설공단,평일,30,,1577-6446,대구광역시 북구 노원동3가 370,16:00,미시행,6000,128.566035,60000,0:00,노상,현금
40,1,0,154-1-000014,7:00,500,대구광역시 북구 칠성남로 233,10,칠성꽃시장앞주차장,유료,35.877489,250,2018-03-12,공영,7:00,17:00,0:00,대구시설공단,평일+토요일,30,,1577-6446,대구광역시 북구 칠성동2가 276-85,17:00,미시행,0,128.596469,0,0:00,노상,현금,카드
32,1,0,154-1-000015,7:00,500,대구광역시 북구 칠성시장로 29,10,칠성농협앞주차장,유료,35.876461,250,2018-03-12,공영,7:00,17:00,0:00,대구시설공단,평일+토요일,30,,1577-6446,대구광역시 북구 칠성동1가 164-8,17:00,미시행,0,128.602135,0,0:00,노상,현금,카드
33,1,0,154-1-000016,7:00,500,대구광역시 북구 칠성시장로 28,10,칠성시장남편주차장,유료,35.875901,250,2018-03-12,공영,7:00,17:00,0:00,대구시설공단,평일+토요일,30,,1577-6446,대구광역시 북구 칠성동1가 276,17:00,미시행,0,128.604388,0,0:00,노상,현금,카드
28,1,0,154-1-000017,7:00,500,대구광역시 북구 칠성시장로 42,10,칠성시장북편주차장,유료,35.877692,250,2018-03-12,공영,7:00,17:00,0:00,대구시설공단,평일+토요일,30,,1577-6446,대구광역시 북구 칠성동1가 275-6,17:00,미시행,0,128.603272,0,0:00,노상,현금,카드
26,1,0,154-1-000018,7:00,500,대구광역시 북구 공평로 144-8,10,칠성시장서편주차장,유료,35.876779,250,2018-03-12,공영,7:00,17:00,0:00,대구시설공단,평일+토요일,30,,1577-6446,대구광역시 북구 칠성동1가 236-1,17:00,미시행,0,128.601384,0,0:00,노상,현금,카드
11,1,0,154-1-000019,7:00,500,대구광역시 북구 칠성가구시장로2길 8,10,칠성전자상가주차장,유료,35.879231,250,2018-03-12,공영,7:00,17:00,0:00,대구시설공단,평일+토요일,30,,1577-6446,대구광역시 북구 칠성동1가 279-1,17:00,미시행,0,128.602253,0,0:00,노상,현금,카드
43,2,,154-1-000020,8:00,300,대구광역시 북구 팔달로 105 만평역,10,만평R북편주차장,유료,35.889978,150,2018-03-12,공영,8:00,19:00,19:00,대구시설공단,평일+토요일+공휴일,30,,1577-6446,대구광역시 북구 노원동3가 252-3,19:00,미시행,3000,128.562047,,8:00,노상,현금
72,1,0,154-1-000022,7:00,500,대구광역시 북구 칠성시장로 28,10,칠성시장광로주차장,유료,35.879938,250,2018-03-12,공영,7:00,17:00,0:00,대구시설공단,평일+토요일,30,,1577-6446,대구광역시 북구 칠성동1가 276,17:00,미시행,0,128.602246,,0:00,노상,현금,카드
40,3,,154-1-000023,0:00,400,대구광역시 북구 구암로 158,10,한국농촌공사앞주차장,유료,35.931679,200,2018-03-12,공영,9:00,0:00,0:00,대구시설공단,평일,30,,1577-6446,대구광역시 북구 구암동 761-2,18:00,미시행,4000,128.557319,,0:00,노상,현금
164,2,,154-2-000024,0:00,300,대구광역시 북구 노원로 32,10,팔달신시장주차장,유료,35.891614,150,2018-03-12,공영,0:00,23:59,23:59,대구시설공단,평일+토요일+공휴일,30,,053-353-8969,대구광역시 북구 노원동3가 883-3,23:59,미시행,3000,128.566331,0,0:00,노외,현금,카드
163,1,,154-2-000025,0:00,500,대구광역시 북구 칠성남로 196,10,칠성공영주차장,유료,35.876006,250,2018-03-12,공영,0:00,23:59,23:59,대구시설공단,평일+토요일+공휴일,30,,053-421-9405,대구광역시 북구 칠성동1가 184-10,23:59,미시행,,128.601602,,0:00,노외,현금,카드
86,3,,154-2-000026,0:00,400,대구광역시 북구 호국로 43길 20,10,서변1주차장,유료,35.920926,200,2018-03-12,공영,10:00,0:00,0:00,대구시설공단,평일,30,,,대구광역시 북구 서변동 1778,19:00,미시행,,128.597894,,0:00,노외,현금
49,1,,154-1-000011,7:00,500,대구광역시 북구 칠성시장로 28,10,신천교고가도로밑주차장,유료,35.875661,250,2018-03-12,공영,7:00,17:00,0:00,대구시설공단,평일+토요일,30,,1577-6446,대구광역시 북구 칠성동1가 276,17:00,미시행,,128.606977,,0:00,노상,현금,카드
78,1,,154-1-000012,7:00,500,대구광역시 북구 칠성시장로 101,10,칠성시장고가도로밑주차장,유료,35.883395,250,2018-03-12,공영,7:00,17:00,0:00,대구시설공단,평일+토요일,30,,1577-6446,대구광역시 북구 칠성동2가 400-21,17:00,미시행,,128.600846,0,0:00,노상,현금
92,3,,154-2-000027,0:00,400,대구광역시 북구 호국로 43길 17,10,서변2주차장,유료,35.9209007,200,2018-03-12,공영,10:00,0:00,0:00,대구시설공단,평일,30,,,대구광역시 북구 서변동 1792,19:00,미시행,,128.597905,,0:00,노외,현금
102,3,,154-2-000028,8:00,200,대구광역시 북구 유통단지로8길 33,10,올브랜서편주차장,유료,35.904209,100,2018-03-12,공영,8:00,18:00,18:00,대구시설공단,평일+토요일+공휴일,30,,053-382-6446,대구광역시 북구 산격동 1640,18:00,미시행,,128.609056,,8:00,노외,현금
122,3,,154-2-000029,8:00,200,대구광역시 북구 유통단지로8길 19,10,EXCO동편주차장,유료,35.907346,100,2018-03-12,공영,8:00,18:00,18:00,대구시설공단,평일+토요일+공휴일,30,,053-382-6446,대구광역시 북구 산격동 1687,18:00,미시행,,128.615003,,8:00,노외,현금
106,3,,154-2-000030,8:00,200,대구광역시 북구 유통단지로 24길 42,10,COSTCO서편주차장,유료,35.905999,100,2018-03-12,공영,8:00,18:00,18:00,대구시설공단,평일+토요일+공휴일,30,,053-382-6446,대구광역시 북구 산격동 1739,18:00,미시행,,128.617092,,8:00,노외,현금
56,3,,154-2-000031,8:00,200,대구광역시 북구 유통단지로14길 17,10,한국패션센터주차장,유료,35.906053,100,2018-03-12,공영,8:00,18:00,18:00,대구시설공단,평일+토요일+공휴일,30,,053-382-6446,대구광역시 북구 산격동 1670,18:00,미시행,,128.611687,,8:00,노외,현금,카드
48,1,,154-2-000032,10:00,500,대구광역시 북구 대현남로10길 12,10,대현2동주차장,유료,35.881934,250,2018-03-12,공영,10:00,20:00,0:00,대구시설공단,평일+토요일,30,,,대구광역시 북구 대현동 393-1,20:00,미시행,,128.609039,,0:00,노외,현금
437,1,,154-2-000001,0:00,500,대구광역시 북구 칠성시장로 54,10,신천둔치주차장,유료,35.876373,250,2018-03-12,공영,0:00,23:59,23:59,대구시설공단,평일+토요일+공휴일,30,,053-421-7114,대구광역시 북구 칠성동2가 656-1,23:59,미시행,5000,128.605783,50000,0:00,노외,현금,카드
31,2,,154-1-000002,0:00,600,대구광역시 북구 노원로 137,10,3공단로1주차장,유료,35.895204,300,2018-03-12,공영,7:00,0:00,0:00,대구시설공단,평일,30,,1577-6446,대구광역시 북구 노원동3가 252-3,16:00,미시행,3000,128.571933,60000,0:00,노상,현금
26,2,,154-1-000003,0:00,600,대구광역시 북구 3공단로 23,10,3공단로2주차장,유료,35.892684,300,2018-03-12,공영,8:00,0:00,0:00,대구시설공단,평일,30,,1577-6446,대구광역시 북구 노원동3가 252-1,18:00,미시행,3000,128.554087,60000,0:00,노상,현금
38,2,,154-1-000004,9:00,600,대구광역시 북구 대학로 95,10,경대북문건너편주차장,유료,35.893611,300,2018-03-12,공영,9:00,19:00,0:00,대구시설공단,평일+토요일,30,,1577-6446,대구광역시 북구 산격동 1329-4,19:00,미시행,6000,128.610485,80000,0:00,노상,현금
73,3,,154-1-000005,0:00,400,대구광역시 북구 매천로18길 19,10,농수산도매시장앞주차장,유료,35.903903,200,2018-03-12,공영,9:00,0:00,0:00,대구시설공단,평일,30,,1577-6446,대구광역시 북구 매천동 370,18:00,미시행,4000,128.544537,40000,0:00,노상,현금
50,1,,154-1-000006,9:00,1000,대구광역시 북구 고성로 182,10,대구시체육회앞주차장,유료,35.880407,500,2018-03-12,공영,9:00,19:00,0:00,대구시설공단,평일+토요일,30,,1577-6446,대구광역시 북구 고성동2가 57-2,19:00,미시행,10000,128.585853,100000,0:00,노상,현금
20,1,,154-1-000007,0:00,500,대구광역시 북구 원대로 110,10,북구청앞1주차장,유료,35.885704,250,2018-03-12,공영,8:00,0:00,0:00,대구시설공단,평일,30,,1577-6446,대구광역시 북구 침산3동 447-2,18:00,미시행,5000,128.582112,100000,0:00,노상,현금
14,1,,154-1-000008,0:00,500,대구광역시 북구 원대로 101,10,북구청앞2주차장,유료,35.8864769,250,2018-03-12,공영,8:00,0:00,0:00,대구시설공단,평일,30,,1577-6446,대구광역시 북구 노원1가 339,18:00,미시행,5000,128.582262,100000,0:00,노상,현금
107,2,,154-1-000009,0:00,600,대구광역시 북구 오봉로 57,10,삼양감속기앞주차장,유료,35.892901,300,2018-03-12,공영,7:00,0:00,0:00,대구시설공단,평일,30,,1577-6446,대구광역시 북구 노원 2가 4,16:00,미시행,6000,128.577479,60000,0:00,노상,현금
16,2,,154-1-000010,0:00,600,대구광역시 북구 노원로 31,10,풍국면앞주차장,유료,35.891824,300,2018-03-12,공영,7:00,0:00,0:00,대구시설공단,평일,30,,1577-6446,대구광역시 북구 노원동3가 370,16:00,미시행,6000,128.566035,60000,0:00,노상,현금
40,1,0,154-1-000014,7:00,500,대구광역시 북구 칠성남로 233,10,칠성꽃시장앞주차장,유료,35.877489,250,2018-03-12,공영,7:00,17:00,0:00,대구시설공단,평일+토요일,30,,1577-6446,대구광역시 북구 칠성동2가 276-85,17:00,미시행,0,128.596469,0,0:00,노상,현금,카드
32,1,0,154-1-000015,7:00,500,대구광역시 북구 칠성시장로 29,10,칠성농협앞주차장,유료,35.876461,250,2018-03-12,공영,7:00,17:00,0:00,대구시설공단,평일+토요일,30,,1577-6446,대구광역시 북구 칠성동1가 164-8,17:00,미시행,0,128.602135,0,0:00,노상,현금,카드
33,1,0,154-1-000016,7:00,500,대구광역시 북구 칠성시장로 28,10,칠성시장남편주차장,유료,35.875901,250,2018-03-12,공영,7:00,17:00,0:00,대구시설공단,평일+토요일,30,,1577-6446,대구광역시 북구 칠성동1가 276,17:00,미시행,0,128.604388,0,0:00,노상,현금,카드
28,1,0,154-1-000017,7:00,500,대구광역시 북구 칠성시장로 42,10,칠성시장북편주차장,유료,35.877692,250,2018-03-12,공영,7:00,17:00,0:00,대구시설공단,평일+토요일,30,,1577-6446,대구광역시 북구 칠성동1가 275-6,17:00,미시행,0,128.603272,0,0:00,노상,현금,카드
26,1,0,154-1-000018,7:00,500,대구광역시 북구 공평로 144-8,10,칠성시장서편주차장,유료,35.876779,250,2018-03-12,공영,7:00,17:00,0:00,대구시설공단,평일+토요일,30,,1577-6446,대구광역시 북구 칠성동1가 236-1,17:00,미시행,0,128.601384,0,0:00,노상,현금,카드
11,1,0,154-1-000019,7:00,500,대구광역시 북구 칠성가구시장로2길 8,10,칠성전자상가주차장,유료,35.879231,250,2018-03-12,공영,7:00,17:00,0:00,대구시설공단,평일+토요일,30,,1577-6446,대구광역시 북구 칠성동1가 279-1,17:00,미시행,0,128.602253,0,0:00,노상,현금,카드
43,2,,154-1-000020,8:00,300,대구광역시 북구 팔달로 105 만평역,10,만평R북편주차장,유료,35.889978,150,2018-03-12,공영,8:00,19:00,19:00,대구시설공단,평일+토요일+공휴일,30,,1577-6446,대구광역시 북구 노원동3가 252-3,19:00,미시행,3000,128.562047,,8:00,노상,현금
72,1,0,154-1-000022,7:00,500,대구광역시 북구 칠성시장로 28,10,칠성시장광로주차장,유료,35.879938,250,2018-03-12,공영,7:00,17:00,0:00,대구시설공단,평일+토요일,30,,1577-6446,대구광역시 북구 칠성동1가 276,17:00,미시행,0,128.602246,,0:00,노상,현금,카드
40,3,,154-1-000023,0:00,400,대구광역시 북구 구암로 158,10,한국농촌공사앞주차장,유료,35.931679,200,2018-03-12,공영,9:00,0:00,0:00,대구시설공단,평일,30,,1577-6446,대구광역시 북구 구암동 761-2,18:00,미시행,4000,128.557319,,0:00,노상,현금
164,2,,154-2-000024,0:00,300,대구광역시 북구 노원로 32,10,팔달신시장주차장,유료,35.891614,150,2018-03-12,공영,0:00,23:59,23:59,대구시설공단,평일+토요일+공휴일,30,,053-353-8969,대구광역시 북구 노원동3가 883-3,23:59,미시행,3000,128.566331,0,0:00,노외,현금,카드
163,1,,154-2-000025,0:00,500,대구광역시 북구 칠성남로 196,10,칠성공영주차장,유료,35.876006,250,2018-03-12,공영,0:00,23:59,23:59,대구시설공단,평일+토요일+공휴일,30,,053-421-9405,대구광역시 북구 칠성동1가 184-10,23:59,미시행,,128.601602,,0:00,노외,현금,카드
86,3,,154-2-000026,0:00,400,대구광역시 북구 호국로 43길 20,10,서변1주차장,유료,35.920926,200,2018-03-12,공영,10:00,0:00,0:00,대구시설공단,평일,30,,,대구광역시 북구 서변동 1778,19:00,미시행,,128.597894,,0:00,노외,현금
49,1,,154-1-000011,7:00,500,대구광역시 북구 칠성시장로 28,10,신천교고가도로밑주차장,유료,35.875661,250,2018-03-12,공영,7:00,17:00,0:00,대구시설공단,평일+토요일,30,,1577-6446,대구광역시 북구 칠성동1가 276,17:00,미시행,,128.606977,,0:00,노상,현금,카드
78,1,,154-1-000012,7:00,500,대구광역시 북구 칠성시장로 101,10,칠성시장고가도로밑주차장,유료,35.883395,250,2018-03-12,공영,7:00,17:00,0:00,대구시설공단,평일+토요일,30,,1577-6446,대구광역시 북구 칠성동2가 400-21,17:00,미시행,,128.600846,0,0:00,노상,현금
92,3,,154-2-000027,0:00,400,대구광역시 북구 호국로 43길 17,10,서변2주차장,유료,35.9209007,200,2018-03-12,공영,10:00,0:00,0:00,대구시설공단,평일,30,,,대구광역시 북구 서변동 1792,19:00,미시행,,128.597905,,0:00,노외,현금
102,3,,154-2-000028,8:00,200,대구광역시 북구 유통단지로8길 33,10,올브랜서편주차장,유료,35.904209,100,2018-03-12,공영,8:00,18:00,18:00,대구시설공단,평일+토요일+공휴일,30,,053-382-6446,대구광역시 북구 산격동 1640,18:00,미시행,,128.609056,,8:00,노외,현금
122,3,,154-2-000029,8:00,200,대구광역시 북구 유통단지로8길 19,10,EXCO동편주차장,유료,35.907346,100,2018-03-12,공영,8:00,18:00,18:00,대구시설공단,평일+토요일+공휴일,30,,053-382-6446,대구광역시 북구 산격동 1687,18:00,미시행,,128.615003,,8:00,노외,현금
106,3,,154-2-000030,8:00,200,대구광역시 북구 유통단지로 24길 42,10,COSTCO서편주차장,유료,35.905999,100,2018-03-12,공영,8:00,18:00,18:00,대구시설공단,평일+토요일+공휴일,30,,053-382-6446,대구광역시 북구 산격동 1739,18:00,미시행,,128.617092,,8:00,노외,현금
56,3,,154-2-000031,8:00,200,대구광역시 북구 유통단지로14길 17,10,한국패션센터주차장,유료,35.906053,100,2018-03-12,공영,8:00,18:00,18:00,대구시설공단,평일+토요일+공휴일,30,,053-382-6446,대구광역시 북구 산격동 1670,18:00,미시행,,128.611687,,8:00,노외,현금,카드
48,1,,154-2-000032,10:00,500,대구광역시 북구 대현남로10길 12,10,대현2동주차장,유료,35.881934,250,2018-03-12,공영,10:00,20:00,0:00,대구시설공단,평일+토요일,30,,,대구광역시 북구 대현동 393-1,20:00,미시행,,128.609039,,0:00,노외,현금
26,1,,154-1-000018,7:00,500,대구광역시 북구 공평로 144-8,10,칠성시장서편주차장,유료,35.876779,250,2018-04-27,공영,7:00,18:00,0:00,대구시설공단,평일+토요일,30,,1577-6446,대구광역시 북구 칠성동1가 236-1,18:00,미시행,,128.601384,,0:00,노상,현금,카드
11,1,,154-1-000019,7:00,500,대구광역시 북구 칠성가구시장로2길 8,10,칠성전자상가주차장,유료,35.879231,250,2018-04-27,공영,7:00,18:00,0:00,대구시설공단,평일+토요일,30,,1577-6446,대구광역시 북구 칠성동1가 279-1,18:00,미시행,,128.602253,,0:00,노상,현금,카드
36,2,210,154-1-000020,8:00,300,대구광역시 북구 팔달로 105 만평역,10,만평R북편주차장,유료,35.889978,150,2018-04-27,공영,8:00,19:00,19:00,대구시설공단,평일+토요일+공휴일,30,,1577-6446,대구광역시 북구 노원동3가 252-3,19:00,미시행,3000,128.562047,40000,8:00,노상,현금
1444,1,90,154-3-000021,0:00,1000,대구광역시 북구 매천로18길 34,10,농수산물도매시장앞주차장,유료,35.902557,200,2018-04-27,공영,0:00,0:00,0:00,대구시설공단,평일+토요일+공휴일,5,,053-311-9405,대구광역시 북구 매천동 527-3,0:00,미시행,15000,128.543085,50000,0:00,부설,현금,카드
28,1,,154-1-000017,7:00,500,대구광역시 북구 칠성시장로 42,10,칠성시장북편주차장,유료,35.877692,250,2018-04-27,공영,7:00,18:00,0:00,대구시설공단,평일+토요일,30,,1577-6446,대구광역시 북구 칠성동1가 275-6,18:00,미시행,,128.603272,,0:00,노상,현금,카드
437,1,210,154-2-000001,0:00,500,대구광역시 북구 칠성시장로 54,10,신천둔치주차장,유료,35.876373,250,2018-04-27,공영,0:00,0:00,0:00,대구시설공단,평일+토요일+공휴일,30,,053-421-7114,대구광역시 북구 칠성동2가 656-1,0:00,미시행,5000,128.605783,50000,0:00,노외,현금,카드
31,2,210,154-1-000002,0:00,600,대구광역시 북구 노원로 137,10,3공단로1주차장,유료,35.895204,300,2018-04-27,공영,7:00,0:00,0:00,대구시설공단,평일,30,,1577-6446,대구광역시 북구 노원동3가 252-3,16:00,미시행,3000,128.571933,60000,0:00,노상,현금
26,2,210,154-1-000003,0:00,600,대구광역시 북구 3공단로 23,10,3공단로2주차장,유료,35.892684,300,2018-04-27,공영,8:00,0:00,0:00,대구시설공단,평일,30,,1577-6446,대구광역시 북구 노원동3가 252-1,18:00,미시행,3000,128.554087,60000,0:00,노상,현금
38,2,210,154-1-000004,9:00,600,대구광역시 북구 대학로 95,10,경대북문건너편주차장,유료,35.893611,300,2018-04-27,공영,9:00,19:00,0:00,대구시설공단,평일+토요일,30,,1577-6446,대구광역시 북구 산격동 1329-4,19:00,미시행,6000,128.610485,80000,0:00,노상,현금
50,1,210,154-1-000006,9:00,1000,대구광역시 북구 고성로 182,10,대구시체육회앞주차장,유료,35.880407,500,2018-04-27,공영,9:00,19:00,0:00,대구시설공단,평일+토요일,30,,1577-6446,대구광역시 북구 고성동2가 57-2,19:00,미시행,10000,128.585853,100000,0:00,노상,현금
20,1,210,154-1-000007,0:00,500,대구광역시 북구 원대로 110,10,북구청앞1주차장,유료,35.885704,250,2018-04-27,공영,8:00,0:00,0:00,대구시설공단,평일,30,,1577-6446,대구광역시 북구 침산3동 447-2,18:00,미시행,5000,128.582112,100000,0:00,노상,현금
14,1,210,154-1-000008,0:00,500,대구광역시 북구 원대로 101,10,북구청앞2주차장,유료,35.8864769,250,2018-04-27,공영,8:00,0:00,0:00,대구시설공단,평일,30,,1577-6446,대구광역시 북구 노원1가 339,18:00,미시행,5000,128.582262,100000,0:00,노상,현금
72,1,,154-1-000022,7:00,500,대구광역시 북구 칠성시장로 28,10,칠성시장광로주차장,유료,35.879938,250,2018-04-27,공영,7:00,18:00,0:00,대구시설공단,평일+토요일,30,,1577-6446,대구광역시 북구 칠성동1가 276,18:00,미시행,,128.602246,50000,0:00,노상,현금,카드
40,3,210,154-1-000023,0:00,400,대구광역시 북구 구암로 158,10,한국농촌공사앞주차장,유료,35.931679,200,2018-04-27,공영,9:00,0:00,0:00,대구시설공단,평일,30,,1577-6446,대구광역시 북구 구암동 761-2,18:00,미시행,4000,128.557319,40000,0:00,노상,현금
164,2,210,154-2-000024,0:00,300,대구광역시 북구 노원로 32,10,팔달신시장주차장,유료,35.891614,150,2018-04-27,공영,0:00,0:00,0:00,대구시설공단,평일+토요일+공휴일,30,,053-353-8969,대구광역시 북구 노원동3가 883-3,0:00,미시행,3000,128.566331,,0:00,노외,현금,카드
163,1,210,154-2-000025,0:00,500,대구광역시 북구 칠성남로 196,10,칠성공영주차장,유료,35.876006,250,2018-04-27,공영,0:00,0:00,0:00,대구시설공단,평일+토요일+공휴일,30,,053-421-9405,대구광역시 북구 칠성동1가 184-10,0:00,미시행,5000,128.601602,50000,0:00,노외,현금,카드
84,3,210,154-2-000026,0:00,400,대구광역시 북구 호국로 43길 20,10,서변1주차장,유료,35.920926,200,2018-04-27,공영,10:00,0:00,0:00,대구시설공단,평일,30,,,대구광역시 북구 서변동 1778,19:00,미시행,4000,128.597894,40000,0:00,노외,현금
49,1,210,154-1-000011,7:00,500,대구광역시 북구 칠성시장로 28,10,신천교고가도로밑주차장,유료,35.875661,250,2018-04-27,공영,7:00,18:00,0:00,대구시설공단,평일+토요일,30,,1577-6446,대구광역시 북구 칠성동1가 276,18:00,미시행,5000,128.606977,50000,0:00,노상,현금,카드
78,1,210,154-1-000012,7:00,500,대구광역시 북구 칠성시장로 101,10,칠성시장고가도로밑주차장,유료,35.883395,250,2018-04-27,공영,7:00,18:00,0:00,대구시설공단,평일+토요일,30,,1577-6446,대구광역시 북구 칠성동2가 400-21,18:00,미시행,5000,128.600846,,0:00,노상,현금
50,3,210,154-1-000005,0:00,400,대구광역시 북구 매천로18길 19,10,농수산도매시장앞주차장,유료,35.903903,200,2018-04-27,공영,9:00,0:00,0:00,대구시설공단,평일,30,,1577-6446,대구광역시 북구 매천동 370,18:00,미시행,4000,128.544537,40000,0:00,노상,현금
92,3,210,154-2-000027,0:00,400,대구광역시 북구 호국로 43길 17,10,서변2주차장,유료,35.9209007,200,2018-04-27,공영,10:00,0:00,0:00,대구시설공단,평일,30,,,대구광역시 북구 서변동 1792,19:00,미시행,4000,128.597905,40000,0:00,노외,현금
122,3,210,154-2-000029,8:00,200,대구광역시 북구 유통단지로8길 19,10,EXCO동편주차장,유료,35.907346,100,2018-04-27,공영,8:00,18:00,18:00,대구시설공단,평일+토요일+공휴일,30,,053-382-6446,대구광역시 북구 산격동 1687,18:00,미시행,4000,128.615003,40000,8:00,노외,현금
106,3,210,154-2-000030,8:00,200,대구광역시 북구 유통단지로 24길 42,10,COSTCO서편주차장,유료,35.905999,100,2018-04-27,공영,8:00,18:00,18:00,대구시설공단,평일+토요일+공휴일,30,,053-382-6446,대구광역시 북구 산격동 1739,18:00,미시행,4000,128.617092,40000,8:00,노외,현금
56,3,210,154-2-000031,8:00,200,대구광역시 북구 유통단지로14길 17,10,한국패션센터주차장,유료,35.906053,100,2018-04-27,공영,8:00,18:00,18:00,대구시설공단,평일+토요일+공휴일,30,,053-382-6446,대구광역시 북구 산격동 1670,18:00,미시행,4000,128.611687,40000,8:00,노외,현금,카드
48,1,210,154-2-000032,10:00,500,대구광역시 북구 대현남로10길 12,10,대현2동주차장,유료,35.881934,250,2018-04-27,공영,10:00,20:00,0:00,대구시설공단,평일+토요일,30,,,대구광역시 북구 대현동 393-1,20:00,미시행,5000,128.609039,50000,0:00,노외,현금
102,3,210,154-2-000028,8:00,200,대구광역시 북구 유통단지로8길 33,10,올브랜서편주차장,유료,35.904209,100,2018-04-27,공영,8:00,18:00,18:00,대구시설공단,평일+토요일+공휴일,30,,053-382-6446,대구광역시 북구 산격동 1640,18:00,미시행,4000,128.609056,40000,8:00,노외,현금
16,2,210,154-1-000010,0:00,600,대구광역시 북구 노원로 31,10,풍국면앞주차장,유료,35.891824,300,2018-04-27,공영,7:00,0:00,0:00,대구시설공단,평일,30,,1577-6446,대구광역시 북구 노원동3가 370,16:00,미시행,6000,128.566035,60000,0:00,노상,현금
40,1,,154-1-000014,7:00,500,대구광역시 북구 칠성남로 233,10,칠성꽃시장앞주차장,유료,35.877489,250,2018-04-27,공영,7:00,18:00,0:00,대구시설공단,평일+토요일,30,,1577-6446,대구광역시 북구 칠성동2가 276-85,18:00,미시행,,128.596469,,0:00,노상,현금,카드
32,1,,154-1-000015,7:00,500,대구광역시 북구 칠성시장로 29,10,칠성농협앞주차장,유료,35.876461,250,2018-04-27,공영,7:00,18:00,0:00,대구시설공단,평일+토요일,30,,1577-6446,대구광역시 북구 칠성동1가 164-8,18:00,미시행,,128.602135,,0:00,노상,현금,카드
107,2,210,154-1-000009,0:00,600,대구광역시 북구 오봉로 57,10,삼양감속기앞주차장,유료,35.892901,300,2018-04-27,공영,9:00,0:00,0:00,대구시설공단,평일,30,,1577-6446,대구광역시 북구 노원 2가 4,18:00,미시행,6000,128.577479,60000,0:00,노상,현금
33,1,,154-1-000016,7:00,500,대구광역시 북구 칠성시장로 28,10,칠성시장남편주차장,유료,35.875901,250,2018-04-27,공영,7:00,18:00,0:00,대구시설공단,평일+토요일,30,,1577-6446,대구광역시 북구 칠성동1가 276,18:00,미시행,,128.604388,,0:00,노상,현금,카드
50,1,,154-2-000180,8:00,1000,대구광역시 북구 칠성남로 138,10,1·2,유료,35.877402,500,2018-08-01,공영,8:00,21:00,21:00,대구광역시 북구청,평일+토요일+공휴일,30,,053-665-3015,대구광역시 북구 칠성동2가 310-1,21:00,미시행,,128.595532,,8:00,노외,현금
18,2,,154-2-000181,8:00,1000,대구광역시 북구 EXPO,60,EXPO,유료,35.892107,2000,2018-08-01,공영,8:00,20:00,20:00,대구광역시 북구청,평일+토요일+공휴일,30,,053-665-3015,대구광역시 북구 복현동 478-5,20:00,미시행,10000,128.621442,,8:00,노외,현금
52,3,,154-2-000182,12:00,1000,대구광역시 북구 동천로 135-7,60,RGB Tower,유료,35.943538,1000,2018-08-01,공영,12:00,0:00,0:00,대구광역시 북구청,평일+토요일+공휴일,30,,053-665-3015,대구광역시 북구 동천동 903-4,21:00,미시행,1000,128.559923,,0:00,노외,현금
16,3,,154-2-000183,6:00,1500,대구광역시 북구 구암로32길 6-20,10,강북,유료,35.931308,200,2018-08-01,공영,6:00,21:00,21:00,대구광역시 북구청,평일+토요일+공휴일,30,,053-665-3015,대구광역시 북구 구암동 653-1,21:00,미시행,10000,128.555805,70000,6:00,노외,현금
40,1,,154-2-000184,0:00,0,대구광역시 북구 칠성로17길 18 경명여자중고등학교,,경명여고앞,무료,35.88006,,2018-08-01,공영,0:00,0:00,0:00,대구광역시 북구청,평일+토요일+공휴일,0,,053-665-3015,대구광역시 북구 칠성동2가 385-2,0:00,미시행,,128.598035,,0:00,노외,
34,3,,154-2-000185,7:00,1500,대구광역시 북구 노원로 107,,공단,유료,35.896257,,2018-08-01,공영,7:00,16:00,0:00,대구광역시 북구청,평일+토요일,60,,053-665-3015,대구광역시 북구 노원동3가 183-19,20:00,미시행,7000,128.572709,60000,0:00,노외,현금
169,2,,154-2-000186,0:00,600,대구광역시 북구 관음중앙로 80,10,관음(공영),유료,35.941038,300,2018-08-01,공영,0:00,0:00,0:00,대구광역시 북구청,평일+토요일+공휴일,30,,053-665-3015,대구광역시 북구 관음동 448-1,0:00,미시행,6000,128.544697,80000,0:00,노외,현금
6,2,,154-2-000187,0:00,0,대구광역시 북구 관음동 1255-14공영,,관음동 1255-14공영,무료,35.943861,,2018-08-01,공영,0:00,0:00,0:00,대구광역시 북구청,평일+토요일+공휴일,0,,053-665-3015,대구광역시 북구 관음동 1255-14,0:00,미시행,,128.544604,,0:00,노외,
6,2,,154-2-000188,0:00,0,대구광역시 북구 관음동1275-27공영,,관음동1275-27공영,무료,35.944089,,2018-08-01,공영,0:00,0:00,0:00,대구광역시 북구청,평일+토요일+공휴일,0,,053-665-3015,대구광역시 북구 관음동 1275-27,0:00,미시행,,128.545668,,0:00,노외,
12,2,,154-2-000189,0:00,0,대구광역시 북구 관음동1284-5공영,,관음동1284-5공영,무료,35.944234,,2018-08-01,공영,0:00,0:00,0:00,대구광역시 북구청,평일+토요일+공휴일,0,,053-665-3015,대구광역시 북구 관음동 1284-5,0:00,미시행,,128.54714,,0:00,노외,
25,2,,154-4-000190,0:00,500,대구광역시 북구 팔달로27길 인근,60,광양,유료,35.891907,1000,2018-08-01,민영,0:00,0:00,0:00,대구광역시 북구청,평일+토요일+공휴일,30,,053-665-3015,대구광역시 북구 노원동3가 892-1,0:00,미시행,5000,128.5679648,80000,0:00,노외,현금
15,2,,154-4-000191,0:00,1000,대구광역시 북구 구암로17길 3,60,구남,유료,35.932923,2000,2018-08-01,민영,0:00,0:00,0:00,대구광역시 북구청,평일+토요일+공휴일,30,,053-665-3015,대구광역시 북구 읍내동 1121-1,0:00,미시행,10000,128.550395,100000,0:00,노외,현금
31,1,,154-4-000192,0:00,1000,대구광역시 북구 칠성남로30길 9,10,구마니 유료주차장,유료,35.877011,500,2018-08-01,민영,0:00,0:00,0:00,대구광역시 북구청,평일+토요일+공휴일,30,,053-665-3015,대구광역시 북구 칠성동2가 504,0:00,미시행,,128.596229,,0:00,노외,현금
48,2,,154-2-000193,0:00,0,대구광역시 북구 대천로 21,,구수산(공영),무료,35.938254,,2018-08-01,공영,0:00,0:00,0:00,대구광역시 북구청,평일+토요일+공휴일,0,,053-665-3015,대구광역시 북구 읍내동 1077-2,0:00,미시행,,128.552322,,0:00,노외,
46,3,,154-2-000194,0:00,0,대구광역시 북구 구암서로 32,,구암동주민센터(공영),무료,35.938633,,2018-08-01,공영,0:00,0:00,0:00,대구광역시 북구청,평일+토요일+공휴일,0,,053-665-3015,대구광역시 북구 구암동 788-3,0:00,미시행,,128.5660435,,0:00,노외,
200,3,,154-2-000195,0:00,0,대구광역시 북구 노곡교남단1,,노곡교남단1(공영),무료,35.90175,,2018-08-01,공영,0:00,0:00,0:00,대구광역시청,평일+토요일+공휴일,0,,053-803-4882,대구광역시 북구 노곡동 990,0:00,미시행,,128.566493,,0:00,노외,
200,3,,154-2-000196,0:00,0,대구광역시 북구 노곡교남단2,,노곡교남단2(공영),무료,35.900397,,2018-08-01,공영,0:00,0:00,0:00,대구광역시청,평일+토요일+공휴일,0,,053-803-4882,대구광역시 북구 노곡동 876,0:00,미시행,,128.564754,,0:00,노외,
82,1,,154-2-000197,0:00,0,대구광역시 북구 옥산로7길 27-7,,노원(공영),무료,35.888134,,2018-08-01,공영,0:00,0:00,0:00,대구광역시 북구청,평일+토요일+공휴일,0,,053-665-3015,대구광역시 북구 노원동1가 16-1,0:00,미시행,,128.580689,,0:00,노외,
10,1,,154-4-000198,0:00,1000,대구광역시 북구 칠성남로 230,,뉴욕,유료,35.875527,,2018-08-01,민영,0:00,0:00,0:00,대구광역시 북구청,평일+토요일+공휴일,60,,053-665-3015,대구광역시 북구 칠성동1가 155-2,0:00,미시행,,128.605176,,0:00,노외,현금
10,2,,154-4-000199,7:00,1000,대구광역시 북구 오봉로 12,60,대광,유료,35.888802,1500,2018-08-01,민영,7:00,21:00,0:00,대구광역시 북구청,평일+토요일,30,,053-665-3015,대구광역시 북구 노원동1가 205,21:00,미시행,6000,128.576503,70000,0:00,노외,현금
24,1,,154-4-000200,8:00,1000,대구광역시 북구 칠성남로37길 23,60,대륙,유료,35.877672,1500,2018-08-01,민영,8:00,19:00,19:00,대구광역시 북구청,평일+토요일+공휴일,30,,053-665-3015,대구광역시 북구 칠성동2가 549-6,19:00,미시행,5000,128.600666,70000,8:00,노외,현금
9,1,,154-4-000201,9:00,1000,대구광역시 북구 칠성남로30길 8-1,60,대보,유료,35.876882,2000,2018-08-01,민영,9:00,20:00,0:00,대구광역시 북구청,평일+토요일,30,,053-665-3015,대구광역시 북구 칠성동2가 302-308,20:00,미시행,,128.595152,,0:00,노외,현금
28,2,,154-4-000202,4:30,1000,대구광역시 북구 노원로 14-4,60,대진,유료,35.890622,1000,2018-08-01,민영,4:30,18:30,18:30,대구광역시 북구청,평일+토요일+공휴일,30,,053-665-3015,대구광역시 북구 노원동3가 731-1,18:30,미시행,3000,128.564811,80000,4:30,노외,현금
18,1,,154-4-000203,9:00,1000,대구광역시 북구 신암로 99,60,대현,유료,35.879885,2000,2018-08-01,민영,9:00,22:00,0:00,대구광역시 북구청,평일+토요일,30,,053-665-3015,대구광역시 북구 대현동 277-59,22:00,미시행,5000,128.610564,60000,0:00,노외,현금
24,3,,154-4-000204,0:00,1000,대구광역시 북구 노원로1실,,대흥,유료,35.897335,,2018-08-01,민영,0:00,0:00,0:00,대구광역시 북구청,평일+토요일+공휴일,30,,053-665-3015,대구광역시 북구 노원동3가 73-6,0:00,미시행,,128.570313,60000,0:00,노외,현금
25,1,,154-4-000205,9:00,1000,대구광역시 북구 옥산로 53,10,도성,유료,35.885492,500,2018-08-01,민영,9:00,22:00,22:00,대구광역시 북구청,평일+토요일+공휴일,30,,053-665-3015,대구광역시 북구 노원동1가 366-1,22:00,미시행,,128.581463,,9:00,노외,현금
53,3,,154-2-000206,0:00,0,대구광역시 북구 동변로 89,,동변(공영),무료,35.920658,,2018-08-01,공영,0:00,0:00,0:00,대구광역시청,평일+토요일+공휴일,0,,053-803-4882,대구광역시 북구 동변동 670,0:00,미시행,,128.6033264,,0:00,노외,
18,2,,154-4-000207,19:00,1000,대구광역시 북구 팔달로 221-1,,동서,유료,35.888097,,2018-08-01,민영,9:00,12:00,0:00,대구광역시 북구청,평일+토요일,60,,053-665-3015,대구광역시 북구 노원동2가 275-2,18:00,미시행,5000,128.574459,,0:00,노외,현금
50,3,,154-4-000208,9:00,1000,대구광역시 북구 동천로 123,60,동천,유료,35.942539,2000,2018-08-01,민영,9:00,23:00,23:00,대구광역시 북구청,평일+토요일+공휴일,30,,053-665-3015,대구광역시 북구 동천동 908-2,23:00,미시행,,128.560438,70000,9:00,노외,현금, 신용카드
25,3,,154-2-000209,0:00,0,대구광역시 북구 대천로 81,,동천동복합청사공영,무료,35.937329,,2018-08-01,공영,0:00,0:00,0:00,대구광역시 북구청,평일+토요일+공휴일,0,,053-665-3015,대구광역시 북구 동천동 930-1,0:00,미시행,,128.557876,,0:00,노외,
123,3,,154-2-000210,0:00,0,대구광역시 북구 유통단지로24길 14-7,,동편업무지구(공영),무료,35.907241,,2018-08-01,공영,0:00,0:00,0:00,대구광역시청,평일+토요일+공휴일,0,,053-803-3211,대구광역시 북구 산격동 1687,0:00,미시행,,128.615175,,0:00,노외,
10,3,,154-2-000211,0:00,0,대구광역시 북구 동호길 70,,동호동(공영),무료,35.963663,,2018-08-01,공영,0:00,0:00,0:00,대구광역시 북구청,평일+토요일+공휴일,0,,053-665-3015,대구광역시 북구 동호동 262-2,0:00,미시행,,128.557024,,0:00,노외,
16,2,,154-4-000212,0:00,1000,대구광역시 북구 팔달로 155-1,10,만평,유료,35.8894098,500,2018-08-01,민영,0:00,0:00,0:00,대구광역시 북구청,평일+토요일+공휴일,30,,053-665-3015,대구광역시 북구 노원동3가 765-1,0:00,미시행,10000,128.567201,100000,0:00,노외,현금
6,3,,154-1-000001,0:00,0,대구광역시 북구 3공단로 123,,3공단로25길인근,무료,35.897751,,2018-08-01,공영,0:00,0:00,0:00,대구광역시 북구청,평일+토요일+공휴일,0,,053-665-3015,대구광역시 북구 노원동3가 191-1,0:00,미시행,,128.565479,,0:00,노상,
329,3,,154-1-000002,0:00,0,대구광역시 북구 3공단로,,3공단로인근,무료,35.898904,,2018-08-01,공영,0:00,0:00,0:00,대구광역시청,평일+토요일+공휴일,0,,053-803-4882,대구광역시 북구 노원동3가 14,0:00,미시행,,128.569517,,0:00,노상,
29,3,,154-1-000003,0:00,0,대구광역시 북구 검단동로,,검단동로인근,무료,35.913844,,2018-08-01,공영,0:00,0:00,0:00,대구광역시 북구청,평일+토요일+공휴일,0,,053-665-3015,대구광역시 북구 검단동 745-2,0:00,미시행,,128.625262,,0:00,노상,
78,2,,154-1-000004,0:00,0,대구광역시 북구 경대로17길,,경대로17길인근,무료,35.892653,,2018-08-01,공영,0:00,0:00,0:00,대구광역시 북구청,평일+토요일+공휴일,0,,053-665-3015,대구광역시 북구 복현동 573,0:00,미시행,,128.61296,,0:00,노상,
5,2,,154-1-000005,0:00,0,대구광역시 북구 경대로23길 79,,경대로23길인근,무료,35.8926195,,2018-08-01,공영,0:00,0:00,0:00,대구광역시 북구청,평일+토요일+공휴일,0,,053-665-3015,대구광역시 북구 복현동 606-34,0:00,미시행,,128.6160497,,0:00,노상,
8,2,,154-1-000006,0:00,0,대구광역시 북구 경진로남1길 33,,경대로27길인근,무료,35.893855,,2018-08-01,공영,0:00,0:00,0:00,대구광역시 북구청,평일+토요일+공휴일,0,,053-665-3015,대구광역시 북구 복현동 433-1,0:00,미시행,,128.617478,,0:00,노상,
33,2,,154-1-000007,0:00,0,대구광역시 북구 경대로5길,,경대로5길인근,무료,35.884454,,2018-08-01,공영,0:00,0:00,0:00,대구광역시 북구청,평일+토요일+공휴일,0,,053-665-3015,대구광역시 북구 대현동 14-1,0:00,미시행,,128.613617,,0:00,노상,
19,2,,154-1-000008,0:00,0,대구광역시 북구 대현로9길,,경대로7길인근,무료,35.885634,,2018-08-01,공영,0:00,0:00,0:00,대구광역시 북구청,평일+토요일+공휴일,0,,053-665-3015,대구광역시 북구 대현동 526,0:00,미시행,,128.607529,,0:00,노상,
46,2,,154-1-000009,9:00,600,대구광역시 북구 대학로 51,10,경대북문건너,유료,35.897471,300,2018-08-01,공영,9:00,0:00,0:00,대구광역시청,평일+토요일+공휴일,30,,053-803-4882,대구광역시 북구 산격동 1499-2,19:00,미시행,,128.608765,,0:00,노상,
15,2,,154-1-000010,0:00,0,대구광역시 북구 경진로1길,,경진로1길인근,무료,35.894427,,2018-08-01,공영,0:00,0:00,0:00,대구광역시 북구청,평일+토요일+공휴일,0,,053-665-3015,대구광역시 북구 복현동 623,0:00,미시행,,128.620489,,0:00,노상,
17,2,,154-1-000011,0:00,0,대구광역시 북구 동북로50길 17,,경진로남1길인근,무료,35.893861,,2018-08-01,공영,0:00,0:00,0:00,대구광역시 북구청,평일+토요일+공휴일,0,,053-665-3015,대구광역시 북구 복현동 436-1,0:00,미시행,,128.616662,,0:00,노상,
92,2,,154-1-000012,0:00,0,대구광역시 북구 경진로인근,,경진로인근,무료,35.894427,,2018-08-01,공영,0:00,0:00,0:00,대구광역시 북구청,평일+토요일+공휴일,0,,053-665-3015,대구광역시 북구 복현동 623,0:00,미시행,,128.620489,,0:00,노상,
9,1,,154-1-000013,0:00,0,대구광역시 북구 고성로34길인근,,고성로34길인근,무료,35.879443,,2018-08-01,공영,0:00,0:00,0:00,대구광역시 북구청,평일+토요일+공휴일,0,,053-665-3015,대구광역시 북구 고성동2가 130,0:00,미시행,,128.583812,,0:00,노상,
57,1,,154-1-000014,0:00,0,대구광역시 북구 고성로 191,,고성로37길인근,무료,35.882244,,2018-08-01,공영,0:00,0:00,0:00,대구광역시 북구청,평일+토요일+공휴일,0,,053-665-3015,대구광역시 북구 고성동3가 2,0:00,미시행,,128.587381,,0:00,노상,
15,1,,154-1-000015,0:00,0,대구광역시 북구 고성북로 50-2,,고성북로10길인근,무료,35.884182,,2018-08-01,공영,0:00,0:00,0:00,대구광역시 북구청,평일+토요일+공휴일,0,,053-665-3015,대구광역시 북구 고성동3가 143,0:00,미시행,,128.584233,,0:00,노상,
65,1,,154-1-000016,0:00,0,대구광역시 북구 고성북로 50-2,,고성북로1인근,무료,35.884182,,2018-08-01,공영,0:00,0:00,0:00,대구광역시 북구청,평일+토요일+공휴일,0,,053-665-3015,대구광역시 북구 고성동3가 143,0:00,미시행,,128.584233,,0:00,노상,
87,1,,154-1-000017,0:00,0,대구광역시 북구 고성북로 50-2,,고성북로2인근,무료,35.884182,,2018-08-01,공영,0:00,0:00,0:00,대구광역시 북구청,평일+토요일+공휴일,0,,053-665-3015,대구광역시 북구 고성동3가 143,0:00,미시행,,128.584233,,0:00,노상,
27,2,,154-1-000018,0:00,0,대구광역시 북구 관음중앙로29길 5-18,,관은동로32길인근,무료,35.945945,,2018-08-01,공영,0:00,0:00,0:00,대구광역시 북구청,평일+토요일+공휴일,0,,053-665-3015,대구광역시 북구 읍내동 1295-6,0:00,미시행,,128.547713,,0:00,노상,
43,2,,154-1-000019,0:00,0,대구광역시 북구 관음동로13길인근,,관음동로13길인근,무료,35.93854,,2018-08-01,공영,0:00,0:00,0:00,대구광역시 북구청,평일+토요일+공휴일,0,,053-665-3015,대구광역시 북구 관음동 1346,0:00,미시행,,128.545782,,0:00,노상,
6,2,,154-1-000020,0:00,0,대구광역시 북구 관음동로31길인근,,관음동로31길인근,무료,35.945326,,2018-08-01,공영,0:00,0:00,0:00,대구광역시 북구청,평일+토요일+공휴일,0,,053-665-3015,대구광역시 북구 관음동 1240,0:00,미시행,,128.546263,,0:00,노상,
8,2,,154-1-000021,0:00,0,대구광역시 북구 관음동로9길인근,,관음동로9길인근,무료,35.937387,,2018-08-01,공영,0:00,0:00,0:00,대구광역시 북구청,평일+토요일+공휴일,0,,053-665-3015,대구광역시 북구 관음동 1357,0:00,미시행,,128.545213,,0:00,노상,
9,2,,154-1-000022,0:00,0,대구광역시 북구 관음동로인근,,관음동로인근,무료,35.942313,,2018-08-01,공영,0:00,0:00,0:00,대구광역시 북구청,평일+토요일+공휴일,0,,053-665-3015,대구광역시 북구 읍내동 1311,0:00,미시행,,128.547849,,0:00,노상,
26,2,,154-1-000023,0:00,0,대구광역시 북구 관음중앙로17길인근,,관음중앙로17길인근,무료,35.944469,,2018-08-01,공영,0:00,0:00,0:00,대구광역시 북구청,평일+토요일+공휴일,0,,053-665-3015,대구광역시 북구 관음동 1244,0:00,미시행,,128.543575,,0:00,노상,
75,2,,154-1-000024,0:00,0,대구광역시 북구 관음중앙로21길인근,,관음중앙로21길인근,무료,35.944681,,2018-08-01,공영,0:00,0:00,0:00,대구광역시 북구청,평일+토요일+공휴일,0,,053-665-3015,대구광역시 북구 관음동 1252,0:00,미시행,,128.544963,,0:00,노상,
61,1,,154-1-000138,0:00,0,대구광역시 북구 칠성남로16길인근,,칠성남로16길인근,무료,35.877236,,2018-08-01,공영,0:00,0:00,0:00,대구광역시 북구청,평일+토요일+공휴일,0,,053-665-3015,대구광역시 북구 칠성동2가 302-93,0:00,미시행,,128.59241,,0:00,노상,
71,1,,154-1-000139,0:00,0,대구광역시 북구 칠성남로2길인근,,칠성남로2길인근,무료,35.877864,,2018-08-01,공영,0:00,0:00,0:00,대구광역시 북구청,평일+토요일+공휴일,0,,053-665-3015,대구광역시 북구 고성동1가 95-4,0:00,미시행,,128.585829,,0:00,노상,
6,1,,154-1-000140,0:00,0,대구광역시 북구 칠성남로 167,,칠성남로31길인근,무료,35.877303,,2018-08-01,공영,0:00,0:00,0:00,대구광역시 북구청,평일+토요일+공휴일,0,,053-665-3015,대구광역시 북구 칠성동2가 538-13,0:00,미시행,,128.598731,,0:00,노상,
102,1,,154-1-000141,0:00,0,대구광역시 북구 칠성남로인근,,칠성남로인근(고성동),무료,35.879586,,2018-08-01,공영,0:00,0:00,0:00,대구광역시청,평일+토요일+공휴일,0,,053-803-4882,대구광역시 북구 고성동2가 110-41,0:00,미시행,,128.583184,,0:00,노상,
30,1,,154-1-000142,7:00,500,대구광역시 북구 칠성시장로 29,10,칠성농협앞,유료,35.876221,250,2018-08-01,공영,7:00,18:00,18:00,대구광역시청,평일+토요일+공휴일,30,,053-803-4882,대구광역시 북구 칠성동1가 171-12,18:00,미시행,,128.602443,,7:00,노상,
32,1,,154-1-000143,0:00,0,대구광역시 북구 칠성로17길인근,,칠성로17길인근,무료,35.881521,,2018-08-01,공영,0:00,0:00,0:00,대구광역시 북구청,평일+토요일+공휴일,0,,053-665-3015,대구광역시 북구 침산동 163-8,0:00,미시행,,128.597532,,0:00,노상,
76,1,,154-1-000144,7:00,500,대구광역시 북구 칠성시장로25길인근 칠성시장고가도로밑,10,칠성시장고가도로밑,유료,35.884077,250,2018-08-01,공영,7:00,18:00,18:00,대구광역시청,평일+토요일+공휴일,30,,053-803-4882,대구광역시 북구 침산동 78-7,18:00,미시행,,128.600941,,7:00,노상,
37,1,,154-1-000145,7:00,500,대구광역시 북구 칠성시장로 칠성시장광로,10,칠성시장광로,유료,35.880007,250,2018-08-01,공영,7:00,18:00,18:00,대구광역시청,평일+토요일+공휴일,30,,053-803-4882,대구광역시 북구 칠성동2가 407-8,18:00,미시행,,128.602068,,7:00,노상,
39,1,,154-1-000146,7:00,500,대구광역시 북구 칠성가구시장로2길 12,10,칠성시장남편,유료,35.874894,250,2018-08-01,공영,7:00,18:00,18:00,대구광역시청,평일+토요일+공휴일,30,,053-803-4882,대구광역시 북구 칠성동1가 279-1,18:00,미시행,,128.607172,,7:00,노상,
16,1,,154-1-000147,7:00,500,대구광역시 북구 칠성가구시장로2길 12,10,칠성시장동편,유료,35.874894,250,2018-08-01,공영,7:00,18:00,18:00,대구광역시청,평일+토요일+공휴일,30,,053-803-4882,대구광역시 북구 칠성동1가 279-1,18:00,미시행,,128.607172,,7:00,노상,
24,1,,154-1-000148,6:30,500,대구광역시 북구 칠성시장로 칠성시장방범초소,10,칠성시장방범초소,유료,35.879235,250,2018-08-01,공영,6:30,18:30,18:30,대구광역시청,평일+토요일+공휴일,30,,053-803-4882,대구광역시 북구 칠성동2가 409-24,18:30,미시행,,128.602666,,6:30,노상,
9,1,,154-1-000149,7:00,500,대구광역시 북구 칠성가구시장로2길 12,10,칠성시장북편,유료,35.874894,250,2018-08-01,공영,7:00,18:00,18:00,대구광역시청,평일+토요일+공휴일,30,,053-803-4882,대구광역시 북구 칠성동1가 279-1,18:00,미시행,,128.607172,,7:00,노상,
30,1,,154-1-000150,17:00,500,대구광역시 북구 칠성시장로 칠성시장서편도로,10,칠성시장서편도로,유료,35.876952,250,2018-08-01,공영,7:00,18:00,18:00,대구광역시청,평일+토요일+공휴일,30,,053-803-4882,대구광역시 북구 칠성동1가 236-1,18:00,미시행,,128.601763,,7:00,노상,
7,1,,154-1-000151,17:00,500,대구광역시 북구 칠성가구시장로2길 12,10,칠성전자상가앞,유료,35.874894,250,2018-08-01,공영,7:00,18:00,18:00,대구광역시청,평일+토요일+공휴일,30,,053-803-4882,대구광역시 북구 칠성동1가 279-1,18:00,미시행,,128.607172,,7:00,노상,
14,2,,154-1-000152,0:00,0,대구광역시 북구 침산남로31길 11,,침산남로31길인근,무료,35.888944,,2018-08-01,공영,0:00,0:00,0:00,대구광역시 북구청,평일+토요일+공휴일,0,,053-665-3015,대구광역시 북구 침산동 286-1,0:00,미시행,,128.5926803,,0:00,노상,
18,2,,154-1-000153,0:00,0,대구광역시 북구 침산남로 195,,침산남로39길인근,무료,35.888444,,2018-08-01,공영,0:00,0:00,0:00,대구광역시 북구청,평일+토요일+공휴일,0,,053-665-3015,대구광역시 북구 침산동 1663-5,0:00,미시행,,128.596993,,0:00,노상,
10,2,,154-1-000154,0:00,0,대구광역시 북구 침산남로9길 65-4,,침산남로9길인근,무료,35.893848,,2018-08-01,공영,0:00,0:00,0:00,대구광역시 북구청,평일+토요일+공휴일,0,,053-665-3015,대구광역시 북구 침산동 1377-11,0:00,미시행,,128.583367,,0:00,노상,
4,2,,154-1-000155,0:00,0,대구광역시 북구 침산로 196,,침산로40길인근,무료,35.893544,,2018-08-01,공영,0:00,0:00,0:00,대구광역시 북구청,평일+토요일+공휴일,0,,053-665-3015,대구광역시 북구 침산동 531-3,0:00,미시행,,128.590256,,0:00,노상,
7,2,,154-1-000156,0:00,0,대구광역시 북구 침산로 208,,침산로42길인근,무료,35.894882,,2018-08-01,공영,0:00,0:00,0:00,대구광역시 북구청,평일+토요일+공휴일,0,,053-665-3015,대구광역시 북구 침산동 581,0:00,미시행,,128.590315,,0:00,노상,
3,2,,154-1-000157,0:00,0,대구광역시 북구 성북로5길 68,,침산로46길인근,무료,35.898831,,2018-08-01,공영,0:00,0:00,0:00,대구광역시 북구청,평일+토요일+공휴일,0,,053-665-3015,대구광역시 북구 침산동 1024-2,0:00,미시행,,128.589255,,0:00,노상,
10,2,,154-1-000158,0:00,0,대구광역시 북구 침산로48길 6,,침산로48길인근,무료,35.896953,,2018-08-01,공영,0:00,0:00,0:00,대구광역시 북구청,평일+토요일+공휴일,0,,053-665-3015,대구광역시 북구 침산동 594,0:00,미시행,,128.589982,,0:00,노상,
11,2,,154-1-000026,0:00,0,대구광역시 북구 관음중앙로7길인근,,관음중앙로7길인근,무료,35.938221,,2018-08-01,공영,0:00,0:00,0:00,대구광역시 북구청,평일+토요일+공휴일,0,,053-665-3015,대구광역시 북구 관음동 1322,0:00,미시행,,128.542948,,0:00,노상,
62,2,,154-1-000027,0:00,0,대구광역시 북구 관음중앙로인근,,관음중앙로인근,무료,35.934418,,2018-08-01,공영,0:00,0:00,0:00,대구광역시 북구청,평일+토요일+공휴일,0,,053-665-3015,대구광역시 북구 관음동 1373,0:00,미시행,,128.545748,,0:00,노상,
43,2,,154-1-000028,0:00,0,대구광역시 북구 구암로15길인근,,구암로15길인근,무료,35.93538,,2018-08-01,공영,0:00,0:00,0:00,대구광역시 북구청,평일+토요일+공휴일,0,,053-665-3015,대구광역시 북구 읍내동 1339,0:00,미시행,,128.549806,,0:00,노상,
20,2,,154-1-000029,0:00,0,대구광역시 북구 구암로16길인근,,구암로16길인근,무료,35.931489,,2018-08-01,공영,0:00,0:00,0:00,대구광역시 북구청,평일+토요일+공휴일,0,,053-665-3015,대구광역시 북구 태전동 996,0:00,미시행,,128.549157,,0:00,노상,
37,2,,154-1-000030,0:00,0,대구광역시 북구 구암로17길인근,,구암로17길인근,무료,35.933569,,2018-08-01,공영,0:00,0:00,0:00,대구광역시 북구청,평일+토요일+공휴일,0,,053-665-3015,대구광역시 북구 읍내동 1368,0:00,미시행,,128.550656,,0:00,노상,
40,3,,154-1-000031,0:00,0,대구광역시 북구 구암로인근,,구암로인근,무료,35.931543,,2018-08-01,공영,0:00,0:00,0:00,대구광역시청,평일+토요일+공휴일,0,,053-803-4882,대구광역시 북구 구암동 839,0:00,미시행,,128.564027,,0:00,노상,
20,3,,154-1-000032,0:00,0,대구광역시 북구 노곡로인근,,노곡로인근,무료,35.905129,,2018-08-01,공영,0:00,0:00,0:00,대구광역시 북구청,평일+토요일+공휴일,0,,053-665-3015,대구광역시 북구 노곡동 282-1,0:00,미시행,,128.562969,,0:00,노상,
22,3,,154-1-000033,0:00,0,대구광역시 북구 오봉로 24길,,노원네거리(북편),무료,35.898342,,2018-08-01,공영,0:00,0:00,0:00,대구광역시청,평일+토요일+공휴일,0,,053-803-4882,대구광역시 북구 침산동 1208,0:00,미시행,,128.579312,,0:00,노상,
11,2,,154-1-000034,0:00,0,대구광역시 북구 노원동로7길 18,,노원동로7길,무료,35.8953796,,2018-08-01,공영,0:00,0:00,0:00,대구광역시 북구청,평일+토요일+공휴일,0,,053-665-3015,대구광역시 북구 노원동3가 1120-2,0:00,미시행,,128.575838,,0:00,노상,
37,2,,154-1-000035,0:00,600,대구광역시 북구 노원동로 48,,노원동로인근(수성전기재료백화점),유료,35.8934399,,2018-08-01,공영,0:00,0:00,0:00,대구광역시 북구청,평일+토요일+공휴일,30,,053-665-3015,대구광역시 북구 노원동2가 13-3,0:00,미시행,,128.576223,,0:00,노상,
136,2,,154-1-000036,0:00,600,대구광역시 북구 노원로10길,,노원로10길(대구산업-노원새마을금고),유료,35.89086,,2018-08-01,공영,0:00,0:00,0:00,대구광역시 북구청,평일+토요일+공휴일,30,,053-665-3015,대구광역시 북구 노원동2가 0-1,0:00,미시행,,128.573901,,0:00,노상,
3,2,,154-1-000037,0:00,0,대구광역시 북구 노원로10길인근,,노원로10길인근,무료,35.89086,,2018-08-01,공영,0:00,0:00,0:00,대구광역시 북구청,평일+토요일+공휴일,0,,053-665-3015,대구광역시 북구 노원동2가 0-1,0:00,미시행,,128.573901,,0:00,노상,
37,3,,154-1-000038,0:00,0,대구광역시 북구 팔달로 105,,노원로17길인근,무료,35.894834,,2018-08-01,공영,0:00,0:00,0:00,대구광역시 북구청,평일+토요일+공휴일,0,,053-665-3015,대구광역시 북구 노원동3가 252-3,0:00,미시행,,128.572028,,0:00,노상,
41,3,,154-1-000039,0:00,0,대구광역시 북구 팔달로 105,,노원로25길인근,무료,35.894834,,2018-08-01,공영,0:00,0:00,0:00,대구광역시 북구청,평일+토요일+공휴일,0,,053-665-3015,대구광역시 북구 노원동3가 252-3,0:00,미시행,,128.572028,,0:00,노상,
12,2,,154-1-000040,0:00,0,대구광역시 북구 노원로40길인근,,노원로40길인근,무료,35.898342,,2018-08-01,공영,0:00,0:00,0:00,대구광역시 북구청,평일+토요일+공휴일,0,,053-665-3015,대구광역시 북구 침산동 1208,0:00,미시행,,128.579312,,0:00,노상,
58,3,,154-1-000041,0:00,0,대구광역시 북구 노원로9길 12,,노원로9길인근,무료,35.894062,,2018-08-01,공영,0:00,0:00,0:00,대구광역시 북구청,평일+토요일+공휴일,0,,053-665-3015,대구광역시 북구 노원동3가 234,0:00,미시행,,128.567902,,0:00,노상,
14,2,3000,154-1-000042,0:00,600,대구광역시 북구 팔달로 105,10,노원로인근1,유료,35.894834,300,2018-08-01,공영,7:00,0:00,0:00,대구광역시청,평일,30,,053-803-4882,대구광역시 북구 노원동3가 252-3,16:00,미시행,60000,128.572028,,0:00,노상,
40,2,3000,154-1-000043,0:00,600,대구광역시 북구 팔달로 105,10,노원로인근2,유료,35.894834,300,2018-08-01,공영,8:00,0:00,0:00,대구광역시청,평일,30,,053-803-4882,대구광역시 북구 노원동3가 252-3,18:00,미시행,60000,128.572028,,0:00,노상,
38,3,,154-1-000044,0:00,0,대구광역시 북구 팔달로 105,,노원로인근3,무료,35.894834,,2018-08-01,공영,0:00,0:00,0:00,대구광역시청,평일+토요일+공휴일,0,,053-803-4882,대구광역시 북구 노원동3가 252-3,0:00,미시행,,128.572028,,0:00,노상,
41,2,,154-1-000045,0:00,0,대구광역시 북구 팔달로 105,,노원로인근4,무료,35.894834,,2018-08-01,공영,0:00,0:00,0:00,대구광역시청,평일+토요일+공휴일,0,,053-803-4882,대구광역시 북구 노원동3가 252-3,0:00,미시행,,128.572028,,0:00,노상,
75,3,,154-1-000046,8:00,400,대구광역시 북구 매천로18길 34 농산물도매시장,10,농수산물도매시장,유료,35.903921,200,2018-08-01,공영,8:00,18:00,0:00,대구광역시청,평일+토요일,30,,053-803-4882,대구광역시 북구 매천동 370,18:00,미시행,,128.544526,,0:00,노상,
23,1,,154-1-000047,0:00,0,대구광역시 북구 칠성남로인근,,대구역북편,무료,35.877335,,2018-08-01,공영,0:00,0:00,0:00,대구광역시청,평일+토요일+공휴일,0,,053-803-4882,대구광역시 북구 칠성동2가 489-1,0:00,미시행,,128.596627,,0:00,노상,
60,2,,154-1-000025,0:00,0,대구광역시 북구 관음중앙로28길인근,,관음중앙로28길인근,무료,35.942389,,2018-08-01,공영,0:00,0:00,0:00,대구광역시 북구청,평일+토요일+공휴일,0,,053-665-3015,대구광역시 북구 관음동 1293,0:00,미시행,,128.546914,,0:00,노상,
14,2,,154-1-000048,0:00,0,대구광역시 북구 대구체육관로10길 26,,대구체육관로10길인근,무료,35.891446,,2018-08-01,공영,0:00,0:00,0:00,대구광역시 북구청,평일+토요일+공휴일,0,,053-665-3015,대구광역시 북구 산격동 1497-20,0:00,미시행,,128.603861,,0:00,노상,
17,2,,154-1-000049,0:00,0,대구광역시 북구 대구체육관로11길인근,,대구체육관로11길인근,무료,35.892565,,2018-08-01,공영,0:00,0:00,0:00,대구광역시 북구청,평일+토요일+공휴일,0,,053-665-3015,대구광역시 북구 산격동 1499-3,0:00,미시행,,128.604747,,0:00,노상,
41,2,,154-1-000050,0:00,0,대구광역시 북구 대구체육관로 39,,대구체육관로9길인근,무료,35.893791,,2018-08-01,공영,0:00,0:00,0:00,대구광역시 북구청,평일+토요일+공휴일,0,,053-665-3015,대구광역시 북구 산격동 1427-1,0:00,미시행,,128.603405,,0:00,노상,
5,2,,154-1-000051,0:00,0,대구광역시 북구 대구체육관로인근,,대구체육관로인근,무료,35.890037,,2018-08-01,공영,0:00,0:00,0:00,대구광역시 북구청,평일+토요일+공휴일,0,,053-665-3015,대구광역시 북구 산격동 1444-1,0:00,미시행,,128.601294,,0:00,노상,
8,2,,154-1-000052,0:00,0,대구광역시 북구 대동로4길인근,,대동로4길인근,무료,35.897471,,2018-08-01,공영,0:00,0:00,0:00,대구광역시 북구청,평일+토요일+공휴일,0,,053-665-3015,대구광역시 북구 산격동 1499-2,0:00,미시행,,128.608765,,0:00,노상,
12,2,,154-1-000053,0:00,0,대구광역시 북구 대동로8길 9,,대동로8길인근,무료,35.896515,,2018-08-01,공영,0:00,0:00,0:00,대구광역시 북구청,평일+토요일+공휴일,0,,053-665-3015,대구광역시 북구 산격동 1267-25,0:00,미시행,,128.610044,,0:00,노상,
13,2,,154-1-000054,0:00,0,대구광역시 북구 동북로36길 17-8,,대동로9길인근,무료,35.897252,,2018-08-01,공영,0:00,0:00,0:00,대구광역시 북구청,평일+토요일+공휴일,0,,053-665-3015,대구광역시 북구 산격동 1265-2,0:00,미시행,,128.611094,,0:00,노상,
14,3,,154-1-000055,0:00,0,대구광역시 북구 대불로5길인근,,대불로5길인근,무료,35.902426,,2018-08-01,공영,0:00,0:00,0:00,대구광역시 북구청,평일+토요일+공휴일,0,,053-665-3015,대구광역시 북구 산격동 산9-28,0:00,미시행,,128.611673,,0:00,노상,
7,2,,154-1-000056,0:00,0,대구광역시 북구 대천로7길인근,,대천로7길인근,무료,35.940955,,2018-08-01,공영,0:00,0:00,0:00,대구광역시 북구청,평일+토요일+공휴일,0,,053-665-3015,대구광역시 북구 읍내동 1348,0:00,미시행,,128.554301,,0:00,노상,
28,2,,154-1-000057,0:00,0,대구광역시 북구 대천로9길인근,,대천로9길인근,무료,35.939155,,2018-08-01,공영,0:00,0:00,0:00,대구광역시 북구청,평일+토요일+공휴일,0,,053-665-3015,대구광역시 북구 읍내동 1352,0:00,미시행,,128.555023,,0:00,노상,
3,2,,154-1-000058,0:00,0,대구광역시 북구 대학로15길인근,,대학로15길인근,무료,35.893766,,2018-08-01,공영,0:00,0:00,0:00,대구광역시 북구청,평일+토요일+공휴일,0,,053-665-3015,대구광역시 북구 산격동 1499-1,0:00,미시행,,128.609068,,0:00,노상,
8,2,,154-1-000059,0:00,0,대구광역시 북구 대학로17길인근,,대학로17길인근,무료,35.893766,,2018-08-01,공영,0:00,0:00,0:00,대구광역시 북구청,평일+토요일+공휴일,0,,053-665-3015,대구광역시 북구 산격동 1499-1,0:00,미시행,,128.609068,,0:00,노상,
2,2,,154-1-000060,0:00,0,대구광역시 북구 대학로23길인근,,대학로23길인근,무료,35.893766,,2018-08-01,공영,0:00,0:00,0:00,대구광역시 북구청,평일+토요일+공휴일,0,,053-665-3015,대구광역시 북구 산격동 1499-1,0:00,미시행,,128.609068,,0:00,노상,
19,2,,154-1-000061,0:00,0,대구광역시 북구 대학로25길인근,,대학로25길인근,무료,35.893766,,2018-08-01,공영,0:00,0:00,0:00,대구광역시 북구청,평일+토요일+공휴일,0,,053-665-3015,대구광역시 북구 산격동 1499-1,0:00,미시행,,128.609068,,0:00,노상,
10,2,,154-1-000062,0:00,0,대구광역시 북구 대학로9길인근,,대학로9길인근,무료,35.890929,,2018-08-01,공영,0:00,0:00,0:00,대구광역시 북구청,평일+토요일+공휴일,0,,053-665-3015,대구광역시 북구 산격동 1417-40,0:00,미시행,,128.606594,,0:00,노상,
33,2,,154-1-000063,0:00,0,대구광역시 북구 대학로인근,,대학로인근,무료,35.89346,,2018-08-01,공영,0:00,0:00,0:00,대구광역시청,평일+토요일+공휴일,0,,053-803-4882,대구광역시 북구 산격동 1319-1,0:00,미시행,,128.610541,,0:00,노상,
15,1,,154-1-000064,0:00,0,대구광역시 북구 대현남로8길인근,,대현남로8길인근,무료,35.881788,,2018-08-01,공영,0:00,0:00,0:00,대구광역시 북구청,평일+토요일+공휴일,0,,053-665-3015,대구광역시 북구 대현동 272-27,0:00,미시행,,128.609449,,0:00,노상,
14,1,,154-1-000065,0:00,0,대구광역시 북구 대현남로9길인근,,대현남로9길인근,무료,35.881788,,2018-08-01,공영,0:00,0:00,0:00,대구광역시 북구청,평일+토요일+공휴일,0,,053-665-3015,대구광역시 북구 대현동 272-27,0:00,미시행,,128.609449,,0:00,노상,
5,1,,154-1-000066,0:00,0,대구광역시 북구 대현로10길인근,,대현로10길인근,무료,35.882415,,2018-08-01,공영,0:00,0:00,0:00,대구광역시 북구청,평일+토요일+공휴일,0,,053-665-3015,대구광역시 북구 대현동 439-4,0:00,미시행,,128.603684,,0:00,노상,
14,2,,154-1-000067,0:00,0,대구광역시 북구 대현로13길인근,,대현로13길인근,무료,35.885634,,2018-08-01,공영,0:00,0:00,0:00,대구광역시 북구청,평일+토요일+공휴일,0,,053-665-3015,대구광역시 북구 대현동 526,0:00,미시행,,128.607529,,0:00,노상,
80,2,,154-1-000068,0:00,0,대구광역시 북구 대현로19길인근,,대현로19길인근,무료,35.886002,,2018-08-01,공영,0:00,0:00,0:00,대구광역시 북구청,평일+토요일+공휴일,0,,053-665-3015,대구광역시 북구 대현동 103-35,0:00,미시행,,128.612206,,0:00,노상,
30,2,,154-1-000069,0:00,0,대구광역시 북구 대현로21길인근,,대현로21길인근,무료,35.883557,,2018-08-01,공영,0:00,0:00,0:00,대구광역시 북구청,평일+토요일+공휴일,0,,053-665-3015,대구광역시 북구 대현동 112-44,0:00,미시행,,128.611327,,0:00,노상,
9,2,,154-1-000070,0:00,0,대구광역시 북구 대현로9길 33-10,,대현로3길인근,무료,35.887164,,2018-08-01,공영,0:00,0:00,0:00,대구광역시 북구청,평일+토요일+공휴일,0,,053-665-3015,대구광역시 북구 대현동 236-12,0:00,미시행,,128.6038903,,0:00,노상,
38,2,,154-1-000071,0:00,0,대구광역시 북구 대학로 80,,대현로9길인근,무료,35.887937,,2018-08-01,공영,0:00,0:00,0:00,대구광역시 북구청,평일+토요일+공휴일,0,,053-665-3015,대구광역시 북구 대현동 241,0:00,미시행,,128.604323,,0:00,노상,
31,2,,154-1-000072,0:00,0,대구광역시 북구 대현로서15길인근,,대현로서15길인근,무료,35.885634,,2018-08-01,공영,0:00,0:00,0:00,대구광역시 북구청,평일+토요일+공휴일,0,,053-665-3015,대구광역시 북구 대현동 526,0:00,미시행,,128.607529,,0:00,노상,
14,2,,154-1-000073,0:00,0,대구광역시 북구 동북로26길인근,,동북로26길인근,무료,35.900468,,2018-08-01,공영,0:00,0:00,0:00,대구광역시 북구청,평일+토요일+공휴일,0,,053-665-3015,대구광역시 북구 산격동 1203-64,0:00,미시행,,128.606832,,0:00,노상,
17,3,,154-1-000074,0:00,0,대구광역시 북구 동북로37길인근,,동북로37길인근,무료,35.900277,,2018-08-01,공영,0:00,0:00,0:00,대구광역시 북구청,평일+토요일+공휴일,0,,053-665-3015,대구광역시 북구 산격동 493-4,0:00,미시행,,128.613724,,0:00,노상,
10,2,,154-1-000075,0:00,0,대구광역시 북구 동북로50길인근,,동북로50길인근,무료,35.894427,,2018-08-01,공영,0:00,0:00,0:00,대구광역시 북구청,평일+토요일+공휴일,0,,053-665-3015,대구광역시 북구 복현동 623,0:00,미시행,,128.620489,,0:00,노상,
37,3,,154-1-000076,0:00,0,대구광역시 북구 동북로57길 9,,동북로53길인근,무료,35.894316,,2018-08-01,공영,0:00,0:00,0:00,대구광역시 북구청,평일+토요일+공휴일,0,,053-665-3015,대구광역시 북구 복현동 332-1,0:00,미시행,,128.6219103,,0:00,노상,
10,3,,154-1-000077,0:00,0,대구광역시 북구 동북로55길인근,,동북로55길인근,무료,35.894427,,2018-08-01,공영,0:00,0:00,0:00,대구광역시 북구청,평일+토요일+공휴일,0,,053-665-3015,대구광역시 북구 복현동 623,0:00,미시행,,128.620489,,0:00,노상,
39,3,,154-1-000078,0:00,0,대구광역시 북구 동북로57길인근,,동북로57길인근,무료,35.894427,,2018-08-01,공영,0:00,0:00,0:00,대구광역시 북구청,평일+토요일+공휴일,0,,053-665-3015,대구광역시 북구 복현동 623,0:00,미시행,,128.620489,,0:00,노상,
47,3,,154-1-000079,0:00,0,대구광역시 북구 동암로7길인근,,동암로7길인근,무료,35.94619,,2018-08-01,공영,0:00,0:00,0:00,대구광역시 북구청,평일+토요일+공휴일,0,,053-665-3015,대구광역시 북구 읍내동 1234-184,0:00,미시행,,128.554679,,0:00,노상,
19,3,,154-1-000080,0:00,0,대구광역시 북구 구암로인근,,동천교인근,무료,35.931523,,2018-08-01,공영,0:00,0:00,0:00,대구광역시청,평일+토요일+공휴일,0,,053-803-4882,대구광역시 북구 구암동 761-2,0:00,미시행,,128.558156,,0:00,노상,
56,2,,154-1-000081,0:00,0,대구광역시 북구 침산로,,백사벌네거리(남편),무료,35.898342,,2018-08-01,공영,0:00,0:00,0:00,대구광역시청,평일+토요일+공휴일,0,,053-803-4882,대구광역시 북구 침산동 1208,0:00,미시행,,128.579312,,0:00,노상,
23,3,,154-1-000082,0:00,0,대구광역시 북구 침산로,,백사벌네거리(북편),무료,35.898342,,2018-08-01,공영,0:00,0:00,0:00,대구광역시청,평일+토요일+공휴일,0,,053-803-4882,대구광역시 북구 침산동 1208,0:00,미시행,,128.579312,,0:00,노상,
14,3,,154-1-000083,0:00,0,대구광역시 북구 복현로북2길인근,,복현로북2길인근,무료,35.894427,,2018-08-01,공영,0:00,0:00,0:00,대구광역시 북구청,평일+토요일+공휴일,0,,053-665-3015,대구광역시 북구 복현동 623,0:00,미시행,,128.620489,,0:00,노상,
39,1,,154-1-000084,18:00,1000,대구광역시 북구 원대로인근,10,북구청인근,유료,35.887593,500,2018-08-01,공영,0:00,8:00,0:00,대구광역시청,평일+토요일,30,,053-803-4882,대구광역시 북구 침산동 449-5,8:00,미시행,,128.583035,,0:00,노상,
24,1,,154-1-000085,0:00,0,대구광역시 북구 칠성남로16길인근,,북부소방서뒤편,무료,35.877236,,2018-08-01,공영,0:00,0:00,0:00,대구광역시 북구청,평일+토요일+공휴일,0,,053-665-3015,대구광역시 북구 칠성동2가 302-93,0:00,미시행,,128.59241,,0:00,노상,
16,2,,154-1-000086,0:00,0,대구광역시 북구 침산로,,북침산네거리(북편),무료,35.893252,,2018-08-01,공영,0:00,0:00,0:00,대구광역시청,평일+토요일+공휴일,0,,053-803-4882,대구광역시 북구 침산동 543-4,0:00,미시행,,128.58997,,0:00,노상,
10,2,,154-1-000087,0:00,0,대구광역시 북구 산격로10길인근,,산격로10길인근,무료,35.893766,,2018-08-01,공영,0:00,0:00,0:00,대구광역시 북구청,평일+토요일+공휴일,0,,053-665-3015,대구광역시 북구 산격동 1499-1,0:00,미시행,,128.609068,,0:00,노상,
3,2,,154-1-000088,0:00,0,대구광역시 북구 산격로13길인근,,산격로13길인근,무료,35.896983,,2018-08-01,공영,0:00,0:00,0:00,대구광역시 북구청,평일+토요일+공휴일,0,,053-665-3015,대구광역시 북구 산격동 1185-38,0:00,미시행,,128.602916,,0:00,노상,
7,2,,154-1-000089,0:00,0,대구광역시 북구 산격로19길인근,,산격로19길인근,무료,35.897471,,2018-08-01,공영,0:00,0:00,0:00,대구광역시 북구청,평일+토요일+공휴일,0,,053-665-3015,대구광역시 북구 산격동 1499-2,0:00,미시행,,128.608765,,0:00,노상,
15,2,,154-1-000090,0:00,0,대구광역시 북구 산격로8길인근,,산격로8길인근,무료,35.893766,,2018-08-01,공영,0:00,0:00,0:00,대구광역시 북구청,평일+토요일+공휴일,0,,053-665-3015,대구광역시 북구 산격동 1499-1,0:00,미시행,,128.609068,,0:00,노상,
24,2,,154-1-000091,0:00,0,대구광역시 북구 산격로9길인근,,산격로9길인근,무료,35.894698,,2018-08-01,공영,0:00,0:00,0:00,대구광역시 북구청,평일+토요일+공휴일,0,,053-665-3015,대구광역시 북구 산격동 1426-52,0:00,미시행,,128.604442,,0:00,노상,
10,2,,154-1-000092,0:00,0,대구광역시 북구 성북로13길인근,,성북로13길인근,무료,35.892037,,2018-08-01,공영,0:00,0:00,0:00,대구광역시 북구청,평일+토요일+공휴일,0,,053-665-3015,대구광역시 북구 침산동 333-3,0:00,미시행,,128.590686,,0:00,노상,
134,2,,154-1-000093,0:00,0,대구광역시 북구 성북로5길인근,,성북로5길인근,무료,35.89456,,2018-08-01,공영,0:00,0:00,0:00,대구광역시청,평일+토요일+공휴일,0,,053-803-4882,대구광역시 북구 침산동 551-8,0:00,미시행,,128.588168,,0:00,노상,
59,1,,154-1-000095,9:00,1000,대구광역시 북구 고성로 191,10,시체육회앞,유료,35.882244,500,2018-08-01,공영,9:00,19:00,0:00,대구광역시청,평일+토요일,30,,053-803-4882,대구광역시 북구 고성동3가 2,19:00,미시행,,128.587381,50000,0:00,노상,
27,1,,154-1-000096,7:00,500,대구광역시 북구 칠성시장로인근,10,신천교,유료,35.879582,250,2018-08-01,공영,7:00,18:30,18:30,대구광역시청,평일+토요일+공휴일,30,,053-803-4882,대구광역시 북구 칠성동2가 409-6,18:30,미시행,,128.602664,,7:00,노상,
46,1,,154-1-000097,0:00,500,대구광역시 북구 신천교고가도로밑,10,신천교고가도로밑,유료,35.87485,250,2018-08-01,공영,0:00,0:00,0:00,대구광역시청,평일+토요일+공휴일,30,,053-803-4882,대구광역시 북구 칠성동1가 287,0:00,미시행,5000,128.609151,50000,0:00,노상,
11,1,,154-1-000098,0:00,0,대구광역시 북구 신천동로,,신천동로(대현동),무료,35.884302,,2018-08-01,공영,0:00,0:00,0:00,대구광역시청,평일+토요일+공휴일,0,,053-803-4882,대구광역시 북구 대현동 524,0:00,미시행,,128.604355,,0:00,노상,
12,1,,154-1-000099,0:00,0,대구광역시 북구 신천동로146길인근,,신천동로146길인근,무료,35.884302,,2018-08-01,공영,0:00,0:00,0:00,대구광역시 북구청,평일+토요일+공휴일,0,,053-665-3015,대구광역시 북구 대현동 524,0:00,미시행,,128.604355,,0:00,노상,
15,1,,154-1-000100,0:00,0,대구광역시 북구 신천동로148길인근,,신천동로148길인근,무료,35.884302,,2018-08-01,공영,0:00,0:00,0:00,대구광역시 북구청,평일+토요일+공휴일,0,,053-665-3015,대구광역시 북구 대현동 524,0:00,미시행,,128.604355,,0:00,노상,
16,2,,154-1-000101,0:00,0,대구광역시 북구 연암공원로10길인근,,연암공원로10길인근,무료,35.894181,,2018-08-01,공영,0:00,0:00,0:00,대구광역시 북구청,평일+토요일+공휴일,0,,053-665-3015,대구광역시 북구 산격동 1436-10,0:00,미시행,,128.601275,,0:00,노상,
10,2,,154-1-000102,0:00,0,대구광역시 북구 연암공원로14길인근,,연암공원로14길인근,무료,35.896758,,2018-08-01,공영,0:00,0:00,0:00,대구광역시 북구청,평일+토요일+공휴일,0,,053-665-3015,대구광역시 북구 산격동 1186-111,0:00,미시행,,128.601651,,0:00,노상,
4,2,,154-1-000103,0:00,0,대구광역시 북구 연암공원로28길인근,,연암공원로28길인근,무료,35.897471,,2018-08-01,공영,0:00,0:00,0:00,대구광역시 북구청,평일+토요일+공휴일,0,,053-665-3015,대구광역시 북구 산격동 1499-2,0:00,미시행,,128.608765,,0:00,노상,
34,2,,154-1-000104,0:00,0,대구광역시 북구 연암공원로32길 1,,연암공원로32길인근,무료,35.901411,,2018-08-01,공영,0:00,0:00,0:00,대구광역시 북구청,평일+토요일+공휴일,0,,053-665-3015,대구광역시 북구 산격동 1203-12,0:00,미시행,,128.606562,,0:00,노상,
15,2,,154-1-000105,0:00,0,대구광역시 북구 연암공원로인근,,연암공원로인근,무료,35.891527,,2018-08-01,공영,0:00,0:00,0:00,대구광역시 북구청,평일+토요일+공휴일,0,,053-665-3015,대구광역시 북구 산격동 975-2,0:00,미시행,,128.595975,,0:00,노상,
48,2,,154-1-000106,0:00,0,대구광역시 북구 연암로인근,,연암로인근,무료,35.896248,,2018-08-01,공영,0:00,0:00,0:00,대구광역시청,평일+토요일+공휴일,0,,053-803-4882,대구광역시 북구 산격동 796-37,0:00,미시행,,128.595214,,0:00,노상,
8,2,,154-1-000107,0:00,0,대구광역시 북구 영송로인근,,영송로인근,무료,35.929893,,2018-08-01,공영,0:00,0:00,0:00,대구광역시 북구청,평일+토요일+공휴일,0,,053-665-3015,대구광역시 북구 태전동 950,0:00,미시행,,128.544972,,0:00,노상,
13,2,,154-1-000108,0:00,0,대구광역시 북구 오봉로10길인근,,오봉로10길인근,무료,35.889798,,2018-08-01,공영,0:00,0:00,0:00,대구광역시 북구청,평일+토요일+공휴일,0,,053-665-3015,대구광역시 북구 노원동1가 273,0:00,미시행,,128.57769,,0:00,노상,
12,2,,154-1-000109,0:00,0,대구광역시 북구 오봉로1길인근,,오봉로1길인근,무료,35.89086,,2018-08-01,공영,0:00,0:00,0:00,대구광역시 북구청,평일+토요일+공휴일,0,,053-665-3015,대구광역시 북구 노원동2가 0-1,0:00,미시행,,128.573901,,0:00,노상,
11,2,,154-1-000110,0:00,0,대구광역시 북구 오봉로1길인근,,오봉로1길인근(보성아파트),무료,35.89086,,2018-08-01,공영,0:00,0:00,0:00,대구광역시 북구청,평일+토요일+공휴일,0,,053-665-3015,대구광역시 북구 노원동2가 0-1,0:00,미시행,,128.573901,,0:00,노상,
10,2,,154-1-000111,0:00,0,대구광역시 북구 오봉로3길인근,,오봉로3길인근,무료,35.89086,,2018-08-01,공영,0:00,0:00,0:00,대구광역시 북구청,평일+토요일+공휴일,0,,053-665-3015,대구광역시 북구 노원동2가 0-1,0:00,미시행,,128.573901,,0:00,노상,
18,2,,154-1-000112,0:00,0,대구광역시 북구 오봉로6길인근,,오봉로6길인근,무료,35.889798,,2018-08-01,공영,0:00,0:00,0:00,대구광역시 북구청,평일+토요일+공휴일,0,,053-665-3015,대구광역시 북구 노원동1가 273,0:00,미시행,,128.57769,,0:00,노상,
39,2,,154-1-000094,0:00,0,대구광역시 북구 성북로9길인근,,성북로9길인근,무료,35.891914,,2018-08-01,공영,0:00,0:00,0:00,대구광역시 북구청,평일+토요일+공휴일,0,,053-665-3015,대구광역시 북구 침산동 339-2,0:00,미시행,,128.586877,,0:00,노상,
19,2,,154-1-000113,0:00,0,대구광역시 북구 오봉로7길인근,,오봉로7길인근,무료,35.89086,,2018-08-01,공영,0:00,0:00,0:00,대구광역시 북구청,평일+토요일+공휴일,0,,053-665-3015,대구광역시 북구 노원동2가 0-1,0:00,미시행,,128.573901,,0:00,노상,
135,2,,154-1-000114,9:00,600,대구광역시 북구 오봉로인근,10,오봉로인근,유료,35.896653,300,2018-08-01,공영,9:00,18:00,0:00,대구광역시청,평일+토요일,30,,053-803-4882,대구광역시 북구 노원동3가 1208,18:00,미시행,3000,128.567901,60000,0:00,노상,
10,1,,154-1-000115,0:00,0,대구광역시 북구 옥산로3길인근,,옥산로3길인근,무료,35.887222,,2018-08-01,공영,0:00,0:00,0:00,대구광역시 북구청,평일+토요일+공휴일,0,,053-665-3015,대구광역시 북구 노원동1가 271,0:00,미시행,,128.57828,,0:00,노상,
28,1,,154-1-000116,0:00,0,대구광역시 북구 옥산로5길인근,,옥산로5길인근,무료,35.886215,,2018-08-01,공영,0:00,0:00,0:00,대구광역시 북구청,평일+토요일+공휴일,0,,053-665-3015,대구광역시 북구 노원동1가 529,0:00,미시행,,128.581249,,0:00,노상,
28,1,,154-1-000117,0:00,0,대구광역시 북구 옥산로9길 29-5,,옥산로9길인근,무료,35.888006,,2018-08-01,공영,0:00,0:00,0:00,대구광역시 북구청,평일+토요일+공휴일,0,,053-665-3015,대구광역시 북구 노원동1가 15-19,0:00,미시행,,128.581669,,0:00,노상,
25,1,,154-1-000118,0:00,0,대구광역시 북구 고성북로 50-2,,옥산로인근(북구),무료,35.884182,,2018-08-01,공영,0:00,0:00,0:00,대구광역시청,평일+토요일+공휴일,0,,053-803-4882,대구광역시 북구 고성동3가 143,0:00,미시행,,128.584233,,0:00,노상,
25,1,,154-1-000119,0:00,0,대구광역시 북구 원대로19길 13,,원대로19길인근,무료,35.886224,,2018-08-01,공영,0:00,0:00,0:00,대구광역시 북구청,평일+토요일+공휴일,0,,053-665-3015,대구광역시 북구 노원동1가 382,0:00,미시행,,128.5804999,,0:00,노상,
12,1,,154-1-000120,0:00,0,대구광역시 북구 원대로21길인근,,원대로21길인근,무료,35.886215,,2018-08-01,공영,0:00,0:00,0:00,대구광역시 북구청,평일+토요일+공휴일,0,,053-665-3015,대구광역시 북구 노원동1가 529,0:00,미시행,,128.581249,,0:00,노상,
4,1,,154-1-000121,0:00,0,대구광역시 북구 원대로23길인근,,원대로23길인근,무료,35.887682,,2018-08-01,공영,0:00,0:00,0:00,대구광역시 북구청,평일+토요일+공휴일,0,,053-665-3015,대구광역시 북구 노원동1가 19-9,0:00,미시행,,128.580349,,0:00,노상,
31,1,,154-1-000122,0:00,0,대구광역시 북구 원대로25길인근,,원대로25길인근,무료,35.888018,,2018-08-01,공영,0:00,0:00,0:00,대구광역시 북구청,평일+토요일+공휴일,0,,053-665-3015,대구광역시 북구 노원동1가 19-6,0:00,미시행,,128.5828,,0:00,노상,
42,3,,154-1-000123,0:00,0,대구광역시 북구 유통단지로13길 8,,유통단지로21길인근,무료,35.908662,,2018-08-01,공영,0:00,0:00,0:00,대구광역시청,평일+토요일+공휴일,0,,053-803-4882,대구광역시 북구 산격동 1580,0:00,미시행,,128.610476,,0:00,노상,
17,1,,154-1-000124,0:00,0,대구광역시 북구 중앙대로105길인근,,중앙대로105길인근,무료,35.880275,,2018-08-01,공영,0:00,0:00,0:00,대구광역시 북구청,평일+토요일+공휴일,0,,053-665-3015,대구광역시 북구 칠성동2가 351-9,0:00,미시행,,128.594859,,0:00,노상,
19,1,,154-1-000125,0:00,0,대구광역시 북구 중앙대로118길 46,,중앙대로118길인근,무료,35.883021,,2018-08-01,공영,0:00,0:00,0:00,대구광역시 북구청,평일+토요일+공휴일,0,,053-665-3015,대구광역시 북구 침산동 101-3,0:00,미시행,,128.598693,,0:00,노상,
9,1,,154-1-000126,0:00,1000,대구광역시 북구 칠성남로30길 38-1,10,지하철대구역인근,무료,35.876042,500,2018-08-01,공영,0:00,0:00,0:00,대구광역시 북구청,평일+토요일+공휴일,30,,053-665-3015,대구광역시 북구 칠성동2가 302-338,0:00,미시행,10000,128.599078,100000,0:00,노상,
7,1,,154-1-000127,0:00,0,대구광역시 북구 청운로인근,,청운로인근,무료,35.890303,,2018-08-01,공영,0:00,0:00,0:00,대구광역시청,평일+토요일+공휴일,0,,053-803-4882,대구광역시 북구 침산동 1693-1,0:00,미시행,,128.587246,,0:00,노상,
75,2,,154-1-000128,0:00,0,대구광역시 북구 칠곡중앙대로105길인근,,칠곡중앙대로105길인근,무료,35.944043,,2018-08-01,공영,0:00,0:00,0:00,대구광역시 북구청,평일+토요일+공휴일,0,,053-665-3015,대구광역시 북구 읍내동 1304,0:00,미시행,,128.548832,,0:00,노상,
15,2,,154-1-000129,0:00,0,대구광역시 북구 칠곡중앙대로75길인근,,칠곡중앙대로75길인근,무료,35.929423,,2018-08-01,공영,0:00,0:00,0:00,대구광역시 북구청,평일+토요일+공휴일,0,,053-665-3015,대구광역시 북구 태전동 962,0:00,미시행,,128.54613,,0:00,노상,
73,2,,154-1-000130,0:00,0,대구광역시 북구 칠곡중앙대로77길인근,,칠곡중앙대로77길인근,무료,35.93091,,2018-08-01,공영,0:00,0:00,0:00,대구광역시 북구청,평일+토요일+공휴일,0,,053-665-3015,대구광역시 북구 태전동 944,0:00,미시행,,128.54494,,0:00,노상,
30,2,,154-1-000131,0:00,0,대구광역시 북구 칠곡중앙대로80길인근,,칠곡중앙대로80길인근,무료,35.930181,,2018-08-01,공영,0:00,0:00,0:00,대구광역시 북구청,평일+토요일+공휴일,0,,053-665-3015,대구광역시 북구 태전동 1002,0:00,미시행,,128.551299,,0:00,노상,
39,2,,154-1-000132,0:00,0,대구광역시 북구 칠곡중앙대로86길인근,,칠곡중앙대로86길인근,무료,35.933245,,2018-08-01,공영,0:00,0:00,0:00,대구광역시 북구청,평일+토요일+공휴일,0,,053-665-3015,대구광역시 북구 읍내동 1378,0:00,미시행,,128.551887,,0:00,노상,
17,2,,154-1-000133,0:00,0,대구광역시 북구 칠곡중앙대로91길인근,,칠곡중앙대로91길인근,무료,35.937135,,2018-08-01,공영,0:00,0:00,0:00,대구광역시 북구청,평일+토요일+공휴일,0,,053-665-3015,대구광역시 북구 관음동 1359,0:00,미시행,,128.544771,,0:00,노상,
56,2,,154-1-000134,0:00,0,대구광역시 북구 칠곡중앙대로인근,,칠곡중앙대로인근,무료,35.945054,,2018-08-01,공영,0:00,0:00,0:00,대구광역시청,평일+토요일+공휴일,0,,053-803-4882,대구광역시 북구 읍내동 794-1,0:00,미시행,,128.551166,,0:00,노상,
8,1,,154-1-000135,7:00,500,대구광역시 북구 칠성가구시장로2길 12,10,칠성공구상가앞,유료,35.874894,250,2018-08-01,공영,7:00,18:00,18:00,대구광역시청,평일+토요일+공휴일,30,,053-803-4882,대구광역시 북구 칠성동1가 279-1,18:00,미시행,,128.607172,,7:00,노상,
10,1,,154-1-000136,0:00,0,대구광역시 북구 신암로 칠성교북편,,칠성교북편,무료,35.877421,,2018-08-01,공영,0:00,0:00,0:00,대구광역시 북구청,평일+토요일+공휴일,0,,053-665-3015,대구광역시 북구 대현동 389,0:00,미시행,,128.605436,,0:00,노상,
23,1,,154-1-000137,8:00,500,대구광역시 북구 중앙대로 484,10,칠성꽃시장,유료,35.875721,250,2018-08-01,공영,8:00,18:00,18:00,대구광역시청,평일+토요일+공휴일,30,,053-803-4882,대구광역시 북구 칠성동2가 302-94,18:00,미시행,,128.600673,,8:00,노상,
30,1,,154-1-000159,0:00,0,대구광역시 북구 노원로 241,,침산로인근,무료,35.898342,,2018-08-01,공영,0:00,0:00,0:00,대구광역시청,평일+토요일+공휴일,0,,053-803-4882,대구광역시 북구 침산동 1208,0:00,미시행,,128.579312,,0:00,노상,
33,1,,154-4-000213,0:00,1000,대구광역시 북구 침산남로 154,,명성,유료,35.887385,,2018-08-01,민영,0:00,0:00,0:00,대구광역시 북구청,평일+토요일+공휴일,60,,053-665-3015,대구광역시 북구 침산동 262-2,0:00,미시행,8000,128.592453,60000,0:00,노외,현금
5,1,,154-4-000214,0:00,0,대구광역시 북구 칠성남로31길 12-5,,미니,무료,35.877677,,2018-08-01,민영,0:00,0:00,0:00,대구광역시 북구청,평일+토요일+공휴일,0,,053-665-3015,대구광역시 북구 칠성동2가 541-30,0:00,미시행,,128.598607,,0:00,노외,
13,2,,154-4-000215,0:00,1000,대구광역시 북구 대현로9길 2,,벧엘,유료,35.885186,,2018-08-01,민영,0:00,0:00,0:00,대구광역시 북구청,평일+토요일+공휴일,60,,053-665-3015,대구광역시 북구 대현동 227-18,0:00,미시행,5000,128.604912,70000,0:00,노외,현금
7,1,,154-4-000216,9:00,1000,대구광역시 북구 공평로 155-2,60,보근,유료,35.877921,2000,2018-08-01,민영,9:00,20:00,0:00,대구광역시 북구청,평일+토요일,30,,053-665-3015,대구광역시 북구 칠성동2가 548-16,20:00,미시행,3000,128.601043,70000,0:00,노외,현금
8,3,,154-2-000217,0:00,0,대구광역시 북구 복현로20길 8,,복현동임시공영주차장,무료,35.899894,,2018-08-01,공영,0:00,0:00,0:00,대구광역시 북구청,평일+토요일+공휴일,0,,053-665-3015,대구광역시 북구 복현동 127,0:00,미시행,,128.622455,,0:00,노외,
110,3,,154-2-000218,0:00,0,대구광역시 북구 검단로 71-17,,북구문화회관앞(공영),무료,35.906025,,2018-08-01,공영,0:00,0:00,0:00,대구광역시청,평일+토요일+공휴일,0,,053-803-3211,대구광역시 북구 산격동 1739,0:00,미시행,,128.616963,,0:00,노외,
24,2,,154-4-000219,0:00,800,대구광역시 북구 칠곡중앙대로 440,10,빵빵주차장,유료,35.934312,300,2018-08-01,민영,0:00,0:00,0:00,대구광역시 북구청,평일+토요일+공휴일,30,,053-665-3015,대구광역시 북구 읍내동 1343,0:00,미시행,,128.549204,70000,0:00,노외,현금
43,2,,154-2-000220,0:00,500,대구광역시 북구 동북로36길 14,10,산격(공영),유료,35.898004,100,2018-08-01,공영,0:00,0:00,0:00,대구광역시 북구청,평일+토요일+공휴일,30,,053-665-3015,대구광역시 북구 산격동 1264-1,0:00,미시행,3000,128.610622,50000,0:00,노외,현금
51,2,,154-2-000221,0:00,600,대구광역시 북구 산격로8길 1,10,산격3동공영,유료,35.893773,300,2018-08-01,공영,0:00,0:00,0:00,대구광역시 북구청,평일+토요일+공휴일,30,,053-665-3015,대구광역시 북구 산격동 1410-7,0:00,미시행,6000,128.605398,,0:00,노외,현금
112,3,,154-2-000222,0:00,0,대구광역시 북구 유통단지로8길 26,,산업용재관남편(공영),무료,35.903051,,2018-08-01,공영,0:00,0:00,0:00,대구광역시청,평일+토요일+공휴일,0,,053-803-3211,대구광역시 북구 산격동 1631,0:00,미시행,,128.607439,,0:00,노외,
91,3,,154-2-000223,0:00,400,대구광역시 북구 호국로43길 20,10,서변1(공영),유료,35.921074,200,2018-08-01,공영,10:00,0:00,0:00,대구광역시청,평일+토요일+공휴일,30,,053-803-4882,대구광역시 북구 서변동 1778,19:00,미시행,4000,128.597915,40000,0:00,노외,현금
95,3,,154-2-000224,0:00,400,대구광역시 북구 호국로43길 17,10,서변2(공영),유료,35.920668,200,2018-08-01,공영,10:00,0:00,0:00,대구광역시청,평일+토요일+공휴일,30,,053-803-4882,대구광역시 북구 서변동 1792,19:00,미시행,4000,128.597912,40000,0:00,노외,현금
105,3,,154-2-000225,0:00,0,대구광역시 북구 유통단지로8길 33,,서편업무지구(공영),무료,35.904096,,2018-08-01,공영,0:00,0:00,0:00,대구광역시청,평일+토요일+공휴일,0,,053-803-3211,대구광역시 북구 산격동 1640,0:00,미시행,,128.609292,,0:00,노외,
22,3,,154-4-000226,0:00,0,대구광역시 북구 동천로 125-14,,송원,무료,35.943243,,2018-08-01,민영,0:00,0:00,0:00,대구광역시 북구청,평일+토요일+공휴일,0,,053-665-3015,대구광역시 북구 동천동 904-2,0:00,미시행,,128.559366,,0:00,노외,
52,2,,154-4-000227,8:00,1000,대구광역시 북구 대학로 143,10,스마일,유료,35.896605,300,2018-08-01,민영,8:00,22:00,22:00,대구광역시 북구청,평일+토요일+공휴일,30,,053-665-3015,대구광역시 북구 산격동 1290-8,22:00,미시행,5000,128.613497,30000,8:00,노외,현금
14,3,,154-4-000228,0:00,600,대구광역시 북구 동천로23길 18,,삼성주차장(박문웅),유료,35.942448,,2018-08-01,민영,0:00,0:00,0:00,대구광역시 북구청,평일+토요일+공휴일,30,,053-665-3015,대구광역시 북구 동천동 907-4,0:00,미시행,,128.559605,,0:00,노외,현금
62,1,,154-4-000229,0:00,1000,대구광역시 북구 옥산로17길 10,60,시민,유료,35.884544,1000,2018-08-01,민영,8:00,0:00,0:00,대구광역시 북구청,평일,30,,053-665-3015,대구광역시 북구 칠성동2가 89-1,22:00,미시행,3000,128.585582,40000,0:00,노외,현금
58,3,,154-2-000230,0:00,0,대구광역시 북구 유통단지로13길 13-11,,신기공원북편(공영),무료,35.907534,,2018-08-01,공영,0:00,0:00,0:00,대구광역시청,평일+토요일+공휴일,0,,053-803-3211,대구광역시 북구 산격동 1616,0:00,미시행,,128.608144,,0:00,노외,
13,2,,154-4-000231,9:00,800,대구광역시 북구 팔달로 133,60,신만평,유료,35.889625,1500,2018-08-01,민영,9:00,19:00,19:00,대구광역시 북구청,평일+토요일+공휴일,30,,053-665-3015,대구광역시 북구 노원동3가 738-1,19:00,미시행,10000,128.564305,70000,9:00,노외,현금
437,1,,154-2-000232,0:00,500,대구광역시 북구 칠성시장로 28,10,신천둔치(공영),유료,35.876477,250,2018-08-01,공영,0:00,0:00,0:00,대구광역시청,평일+토요일+공휴일,30,,053-803-4882,대구광역시 북구 칠성동1가 276-1,0:00,미시행,5000,128.605697,50000,0:00,노외,현금
13,3,,154-4-000233,0:00,2000,대구광역시 북구 호국로51길 5,,신태경,유료,35.924085,,2018-08-01,민영,0:00,0:00,0:00,대구광역시 북구청,평일+토요일+공휴일,60,,053-665-3015,대구광역시 북구 서변동 1779,0:00,미시행,,128.598704,,0:00,노외,현금
17,2,,154-4-000234,9:00,1000,대구광역시 북구 팔달로 159,,아진,유료,35.889255,,2018-08-01,민영,9:00,19:00,0:00,대구광역시 북구청,평일+토요일,60,,053-665-3015,대구광역시 북구 노원동3가 768-1,19:00,미시행,5000,128.567555,50000,0:00,노외,현금
21,1,,154-4-000235,8:00,1000,대구광역시 북구 칠성남로30길 8-1,60,역후,유료,35.876882,2000,2018-08-01,민영,8:00,20:00,0:00,대구광역시 북구청,평일+토요일,30,,053-665-3015,대구광역시 북구 칠성동2가 302-308,20:00,미시행,,128.595152,,0:00,노외,현금
16,2,,154-4-000236,0:00,1000,대구광역시 북구 팔달로27길 71,,영덕,유료,35.8917995,,2018-08-01,민영,8:00,0:00,0:00,대구광역시 북구청,평일,60,,053-665-3015,대구광역시 북구 노원동3가 894-1,18:00,미시행,3000,128.567535,60000,0:00,노외,현금
4,2,,154-4-000237,0:00,1000,대구광역시 북구 노원로10길 35,,우정,유료,35.891475,,2018-08-01,민영,7:30,0:00,0:00,대구광역시 북구청,평일,30,,053-665-3015,대구광역시 북구 노원동3가 999-1,21:00,미시행,,128.569344,80000,0:00,노외,현금, 신용카드
29,3,,154-2-000238,0:00,0,대구광역시 북구 유통단지로21길 16,,우편집중국서편(공영),무료,35.909561,,2018-08-01,공영,0:00,0:00,0:00,대구광역시청,평일+토요일+공휴일,0,,053-803-3211,대구광역시 북구 산격동 1576,0:00,미시행,,128.612872,,0:00,노외,
10,3,,154-2-000239,0:00,0,대구광역시 북구 동암로7길 75-4,,읍내동임시공영,무료,35.952989,,2018-08-01,공영,0:00,0:00,0:00,대구광역시 북구청,평일+토요일+공휴일,0,,053-665-3015,대구광역시 북구 읍내동 412-3,0:00,미시행,,128.55539,,0:00,노외,
338,3,,154-2-000240,0:00,0,대구광역시 북구 구암로65길 38,,임시공영(공영청사부지),무료,35.942195,,2018-08-01,공영,0:00,0:00,0:00,대구광역시 북구청,평일+토요일+공휴일,0,,053-665-3015,대구광역시 북구 구암동 771-2,0:00,미시행,,128.565426,,0:00,노외,
120,3,,154-2-000241,0:00,0,대구광역시 북구 관음로 141,,임시공영(관음동),무료,35.943092,,2018-08-01,공영,0:00,0:00,0:00,대구광역시 북구청,평일+토요일+공휴일,0,,053-665-3015,대구광역시 북구 관음동 1230-3,0:00,미시행,,128.542293,,0:00,노외,
23,2,,154-2-000242,0:00,0,대구광역시 북구 경대로17길 78,,임시공영(복현1동)1,무료,35.894705,,2018-08-01,공영,0:00,0:00,0:00,대구광역시 북구청,평일+토요일+공휴일,0,,053-665-3015,대구광역시 북구 복현동 404-4,0:00,미시행,,128.614092,,0:00,노외,
23,2,,154-2-000243,0:00,0,대구광역시 북구 경대로서19길 31,,임시공영(복현1동)2,무료,35.890332,,2018-08-01,공영,0:00,0:00,0:00,대구광역시 북구청,평일+토요일+공휴일,0,,053-665-3015,대구광역시 북구 복현동 573-3,0:00,미시행,,128.6163033,,0:00,노외,
17,2,,154-2-000244,0:00,0,대구광역시 북구 오봉로18길 39-21,,임시공영(침산1동),무료,35.8952059,,2018-08-01,공영,0:00,0:00,0:00,대구광역시 북구청,평일+토요일+공휴일,0,,053-665-3015,대구광역시 북구 침산동 1209-1,0:00,미시행,,128.583291,,0:00,노외,
17,3,,154-2-000245,0:00,0,대구광역시 북구 작원1길 17-14,,임시공영(팔달동),무료,35.898093,,2018-08-01,공영,0:00,0:00,0:00,대구광역시 북구청,평일+토요일+공휴일,0,,053-665-3015,대구광역시 북구 팔달동 151-40,0:00,미시행,,128.551386,,0:00,노외,
107,3,,154-2-000246,0:00,0,대구광역시 북구 유통단지로7길 21,,전자관북편1(공영),무료,35.907598,,2018-08-01,공영,0:00,0:00,0:00,대구광역시청,평일+토요일+공휴일,0,,053-803-3211,대구광역시 북구 산격동 1622,0:00,미시행,,128.605559,,0:00,노외,
104,3,,154-2-000247,0:00,0,대구광역시 북구 유통단지로3길 4-11,,전자관북편2(공영),무료,35.905961,,2018-08-01,공영,0:00,0:00,0:00,대구광역시청,평일+토요일+공휴일,0,,053-803-3211,대구광역시 북구 산격동 1625,0:00,미시행,,128.605084,,0:00,노외,
74,3,,154-2-000248,0:00,0,대구광역시 북구 조야로12길 1,,조야교남편(공영),무료,35.912045,,2018-08-01,공영,0:00,0:00,0:00,대구광역시청,평일+토요일+공휴일,0,,053-803-4882,대구광역시 북구 조야동 436-2,0:00,미시행,,128.577228,,0:00,노외,
20,2,,154-4-000249,5:00,1000,대구광역시 북구 팔달로27길 45,,청신,유료,35.891075,,2018-08-01,민영,5:00,19:00,0:00,대구광역시 북구청,평일+토요일+공휴일,30,,053-665-3015,대구광역시 북구 노원동3가 882,19:00,미시행,5000,128.566281,70000,0:00,노외,현금
165,1,,154-2-000250,0:00,500,대구광역시 북구 칠성남로 196,10,칠성(공영),유료,35.876153,250,2018-08-01,공영,0:00,0:00,0:00,대구광역시청,평일+토요일+공휴일,30,,053-803-4882,대구광역시 북구 칠성동1가 184-10,0:00,미시행,5000,128.601757,50000,0:00,노외,신용카드, 교통카드
19,1,,154-2-000251,8:00,0,대구광역시 북구 칠성로19길 4,,칠성동2가(공영),무료,35.878714,,2018-08-01,공영,8:00,20:00,20:00,대구광역시 북구청,평일+토요일+공휴일,0,,053-665-3015,대구광역시 북구 칠성동2가 409-614,20:00,미시행,,128.600388,,8:00,노외,
11,3,,154-2-000252,0:00,0,대구광역시 북구 태전로19길 7-10,,태전1동임시공영,무료,35.926565,,2018-08-01,공영,0:00,0:00,0:00,대구광역시 북구청,평일+토요일+공휴일,0,,053-665-3015,대구광역시 북구 태전동 891-3,0:00,미시행,,128.541754,,0:00,노외,
44,3,,154-4-000253,9:00,1000,대구광역시 북구 동암로 102,,태호,유료,35.943958,,2018-08-01,민영,9:00,21:00,21:00,대구광역시 북구청,평일+토요일+공휴일,60,,053-665-3015,대구광역시 북구 동천동 895-4,21:00,미시행,,128.562382,,9:00,노외,현금
10,2,,154-4-000254,0:00,1000,대구광역시 북구 침산남로 209,60,통일로,유료,35.886843,1000,2018-08-01,민영,12:00,0:00,0:00,대구광역시 북구청,평일,30,,053-665-3015,대구광역시 북구 침산동 15-45,17:00,미시행,8000,128.598788,60000,0:00,노외,현금
164,2,,154-2-000255,0:00,300,대구광역시 북구 노원로 28,10,팔달신시장(공영),유료,35.891551,150,2018-08-01,공영,0:00,0:00,0:00,대구광역시청,평일+토요일+공휴일,30,,053-803-4882,대구광역시 북구 노원동3가 883-3,0:00,미시행,,128.566494,,0:00,노외,교통카드
66,3,,154-2-000256,0:00,0,대구광역시 북구 유통단지로14길 17,,패션센터남편(공영),무료,35.905483,,2018-08-01,공영,0:00,0:00,0:00,대구광역시청,평일+토요일+공휴일,0,,053-803-3211,대구광역시 북구 산격동 1671,0:00,미시행,,128.611993,,0:00,노외,
23,3,,154-4-000257,7:00,1000,대구광역시 북구 노원로 19,,풍국,유료,35.891847,,2018-08-01,민영,7:00,17:00,17:00,대구광역시 북구청,평일+토요일+공휴일,60,,053-665-3015,대구광역시 북구 노원동3가 373,17:00,미시행,10000,128.564776,,7:00,노외,현금
8,1,,154-4-000258,6:00,600,대구광역시 북구 중앙대로 580,10,화성,유료,35.8846168,100,2018-08-01,민영,6:00,0:00,0:00,대구광역시 북구청,평일+토요일+공휴일,30,,053-665-3015,대구광역시 북구 침산동 105-50,0:00,미시행,5000,128.597896,60000,6:00,노외,현금
18,3,,154-4-000260,0:00,600,대구광역시 북구 동천로23길 18,,오렌지유료주차장(이옥분),유료,35.942475,,2018-08-01,민영,0:00,0:00,0:00,대구광역시 북구청,평일+토요일+공휴일,30,,053-665-3015,대구광역시 북구 동천동 907-3,0:00,미시행,,128.559388,,0:00,노외,현금
11,3,,154-4-000261,0:00,1000,대구광역시 북구 연암공원로 26,,산격유료주차장,유료,35.892839,,2018-08-01,민영,0:00,0:00,0:00,대구광역시 북구청,평일+토요일+공휴일,30,,053-665-3015,대구광역시 북구 산격동 1099-5,0:00,미시행,,128.598021,,0:00,노외,
39,3,,154-1-000160,0:00,0,대구광역시 북구 태암로 태암교,,태암교(동편),무료,35.927423,,2018-08-01,공영,0:00,0:00,0:00,대구광역시청,평일+토요일+공휴일,0,,053-803-4882,대구광역시 북구 구암동 714,0:00,미시행,,128.556062,,0:00,노상,
49,2,,154-1-000161,0:00,0,대구광역시 북구 태암로 태암교,,태암교(서편),무료,35.928608,,2018-08-01,공영,0:00,0:00,0:00,대구광역시청,평일+토요일+공휴일,0,,053-803-4882,대구광역시 북구 태전동 1030,0:00,미시행,,128.549753,,0:00,노상,
25,2,,154-1-000162,0:00,0,대구광역시 북구 태암남로1길인근,,태암남로1길인근,무료,35.927606,,2018-08-01,공영,0:00,0:00,0:00,대구광역시 북구청,평일+토요일+공휴일,0,,053-665-3015,대구광역시 북구 태전동 1041,0:00,미시행,,128.548697,,0:00,노상,
8,2,,154-1-000163,0:00,0,대구광역시 북구 태암로1길인근,,태암로1길인근,무료,35.929672,,2018-08-01,공영,0:00,0:00,0:00,대구광역시 북구청,평일+토요일+공휴일,0,,053-665-3015,대구광역시 북구 태전동 1004,0:00,미시행,,128.548559,,0:00,노상,
31,2,,154-1-000164,0:00,0,대구광역시 북구 태암로2길인근,,태암로2길인근,무료,35.927685,,2018-08-01,공영,0:00,0:00,0:00,대구광역시 북구청,평일+토요일+공휴일,0,,053-665-3015,대구광역시 북구 태전동 1039,0:00,미시행,,128.548246,,0:00,노상,
41,2,,154-1-000165,0:00,0,대구광역시 북구 태암로3길인근,,태암로3길인근,무료,35.929043,,2018-08-01,공영,0:00,0:00,0:00,대구광역시 북구청,평일+토요일+공휴일,0,,053-665-3015,대구광역시 북구 태전동 1019,0:00,미시행,,128.54961,,0:00,노상,
25,2,,154-1-000166,0:00,0,대구광역시 북구 태암로4길인근,,태암로4길인근,무료,35.927556,,2018-08-01,공영,0:00,0:00,0:00,대구광역시 북구청,평일+토요일+공휴일,0,,053-665-3015,대구광역시 북구 태전동 1043,0:00,미시행,,128.549182,,0:00,노상,
33,2,,154-1-000167,0:00,0,대구광역시 북구 태암로5길인근,,태암로5길인근,무료,35.929409,,2018-08-01,공영,0:00,0:00,0:00,대구광역시 북구청,평일+토요일+공휴일,0,,053-665-3015,대구광역시 북구 태전동 1026,0:00,미시행,,128.551428,,0:00,노상,
42,2,,154-1-000168,0:00,0,대구광역시 북구 태암로6길인근,,태암로6길인근,무료,35.927632,,2018-08-01,공영,0:00,0:00,0:00,대구광역시 북구청,평일+토요일+공휴일,0,,053-665-3015,대구광역시 북구 태전동 1045,0:00,미시행,,128.549733,,0:00,노상,
35,2,,154-1-000169,0:00,0,대구광역시 북구 팔거천서로 181,,팔거천서로35길인근,무료,35.940199,,2018-08-01,공영,0:00,0:00,0:00,대구광역시 북구청,평일+토요일+공휴일,0,,053-665-3015,대구광역시 북구 읍내동 1351-2,0:00,미시행,,128.5559102,,0:00,노상,
52,2,,154-1-000170,0:00,0,대구광역시 북구 팔거천서로인근,,팔거천서로인근,무료,35.926596,,2018-08-01,공영,0:00,0:00,0:00,대구광역시청,평일+토요일+공휴일,0,,053-803-4882,대구광역시 북구 태전동 1073-31,0:00,미시행,,128.550304,,0:00,노상,
27,2,,154-1-000171,0:00,0,대구광역시 북구 팔달로37길인근,,팔달로37길인근,무료,35.89086,,2018-08-01,공영,0:00,0:00,0:00,대구광역시 북구청,평일+토요일+공휴일,0,,053-665-3015,대구광역시 북구 노원동2가 0-1,0:00,미시행,,128.573901,,0:00,노상,
90,2,,154-1-000172,0:00,0,대구광역시 북구 팔달로41길인근,,팔달로41길인근,무료,35.89086,,2018-08-01,공영,0:00,0:00,0:00,대구광역시 북구청,평일+토요일+공휴일,0,,053-665-3015,대구광역시 북구 노원동2가 0-1,0:00,미시행,,128.573901,,0:00,노상,
21,3,,154-1-000173,0:00,0,대구광역시 북구 팔달로 105,,팔달북로2길인근,무료,35.894834,,2018-08-01,공영,0:00,0:00,0:00,대구광역시 북구청,평일+토요일+공휴일,0,,053-665-3015,대구광역시 북구 노원동3가 252-3,0:00,미시행,,128.572028,,0:00,노상,
68,3,,154-1-000174,0:00,0,대구광역시 북구 팔달로 105,,팔달북로3길인근,무료,35.894834,,2018-08-01,공영,0:00,0:00,0:00,대구광역시 북구청,평일+토요일+공휴일,0,,053-665-3015,대구광역시 북구 노원동3가 252-3,0:00,미시행,,128.572028,,0:00,노상,
41,3,,154-1-000175,0:00,0,대구광역시 북구 팔달로 105,,팔달북로7길인근,무료,35.894834,,2018-08-01,공영,0:00,0:00,0:00,대구광역시 북구청,평일+토요일+공휴일,0,,053-665-3015,대구광역시 북구 노원동3가 252-3,0:00,미시행,,128.572028,,0:00,노상,
100,3,,154-1-000176,0:00,0,대구광역시 북구 팔달북로 56,,팔달북로인근,무료,35.892978,,2018-08-01,공영,0:00,0:00,0:00,대구광역시 북구청,평일+토요일+공휴일,0,,053-665-3015,대구광역시 북구 노원동3가 436,0:00,미시행,,128.55913,,0:00,노상,
16,3,,154-1-000177,0:00,600,대구광역시 북구 팔달로 105,10,풍국면앞,유료,35.894834,300,2018-08-01,공영,7:00,0:00,0:00,대구광역시청,평일,30,,053-803-4882,대구광역시 북구 노원동3가 252-3,16:00,미시행,,128.572028,,0:00,노상,
30,3,,154-1-000178,9:00,400,대구광역시 북구 구암로 158,10,한국농촌공사,유료,35.931523,200,2018-08-01,공영,9:00,18:00,0:00,대구광역시청,평일+토요일,30,,053-803-4882,대구광역시 북구 구암동 761-2,18:00,미시행,4000,128.558156,40000,0:00,노상,
43,2,,154-1-000179,0:00,0,대구광역시 북구 팔달로 105,,힘나라2길인근,무료,35.894834,,2018-08-01,공영,0:00,0:00,0:00,대구광역시 북구청,평일+토요일+공휴일,0,,053-665-3015,대구광역시 북구 노원동3가 252-3,0:00,미시행,,128.572028,,0:00,노상,
