M병원,영업중,대구광역시 북구 팔달로 147 (노원동3가),,35.88939488,128.5661507,09:00~18:00,09:00~18:00,09:00~18:00,09:00~18:00,09:00~18:00,09:00~13:00,,09:00~13:00,,053-359-3771,2021-07-19
근로복지공단대구병원,영업중,대구광역시 북구 학정로 515 (학정동),,35.95016043,128.564164,08:30~17:30,08:30~17:30,08:30~17:30,08:30~17:30,08:30~17:30,,,,,053-715-7575,2021-07-19
뉴라이프병원,영업중,대구광역시 북구 공항로 15 (복현동),,35.89833541,128.6166668,09:00~18:00,09:00~18:00,09:00~18:00,09:00~18:00,09:00~18:00,09:00~13:00,,,,053-384-9119,2021-07-19
늘시원한위대항병원,영업중,"대구광역시 북구 동북로 163 대우아파트상가 (산격동, 산격대우아파트)",대구광역시 북구 산격동 500-1 산격대우아파트 대우아파트상가,35.89952029,128.6111044,09:00~20:00,09:00~20:00,09:00~20:00,09:30~20:00,09:30~20:00,09:00~18:00,09:00~14:00,09:00~14:00,"1,2,3,4,5",053-959-7175,2021-07-19
대구병원,영업중,대구광역시 북구 칠곡중앙대로 194 (태전동),,35.91334039,128.5488456,09:00~17:30,09:00~17:30,09:00~17:30,09:00~17:30,09:00~17:30,09:00~13:00,,09:00~13:00,,053-311-2001,2021-07-19
대구보건대학교병원,영업중,대구광역시 북구 팔거천동로 209 (동천동),,35.94205431,128.5573475,09:00~17:30,09:00~17:30,09:00~17:30,09:00~17:30,09:00~17:30,09:00~12:30,,,,053-320-1900,2021-07-19
대구삼선병원,영업중,대구광역시 북구 칠곡중앙대로 448 (읍내동),,35.93560431,128.5492307,09:00~17:30,09:00~17:30,09:00~17:30,09:00~17:30,09:00~17:30,09:00~13:00,,,,053-326-7575,2021-07-19
대구시티병원,영업중,대구광역시 북구 동북로 270 (복현동),,35.89349153,128.6195674,09:00~17:30,09:00~17:30,09:00~17:30,09:00~17:30,09:00~17:30,09:00~12:30,,,,053-959-7114,2021-07-19
로즈마리병원,영업중,대구광역시 북구 팔거천동로 215 (동천동),,35.94319929,128.557854,09:00~20:00,09:00~20:00,09:00~20:00,09:00~20:00,09:00~20:00,09:00~16:00,09:00~13:00,09:00~13:00,"1,2,3,4,5",053-210-7777,2021-07-19
신세계여성병원,영업중,대구광역시 북구 동북로 196 (산격동),,35.89790015,128.6136499,09:00~18:00,09:00~18:00,09:00~18:00,09:00~18:00,09:00~18:00,09:00~16:00,09:00~12:30,09:00~12:30,"1,2,3,4,5",053-954-7771,2021-07-19
의료법인 백산의료재단 K마디병원,영업중,대구광역시 북구 팔달로 217 (노원동2가),,35.88813227,128.5739313,09:00~18:00,09:00~18:00,09:00~18:00,09:00~18:00,09:00~18:00,09:00~13:00,,,,053-341-0119,2021-07-19
의료법인강의료재단강병원,영업중,대구광역시 북구 노원로 70 (노원동3가),,35.89371787,128.5699087,09:00~18:00,09:00~18:00,09:00~18:00,09:00~18:00,09:00~18:00,09:00~13:00,,,,053-350-5000,2021-07-19
의료법인배성의료재단배성병원,영업중,대구광역시 북구 검단로 140 (검단동),,35.90811627,128.6224172,09:30~17:30,09:30~17:30,09:30~17:30,09:30~17:30,09:30~17:30,,,,,053-383-2700,2021-07-19
척척병원,영업중,대구광역시 북구 칠곡중앙대로 519 지하1층~지상5층 (읍내동),대구광역시 북구 읍내동 1208-2 지하1층~지상5층,35.94212986,128.5502405,09:00~19:00,09:00~19:00,09:00~19:00,09:00~19:00,09:00~19:00,09:00~15:00,,,,053-718-7700,2021-07-19
침산제이병원,영업중,"대구광역시 북구 침산남로 94, 다빈치 타워 1,3,4,6~8층 (침산동)","대구광역시 북구 침산동 430-15 다빈치 타워 1,3,6,7,8층 (침산동, 다빈치 타워)",35.88899572,128.5860586,09:00~18:00,09:00~18:00,09:00~18:00,09:00~18:00,09:00~18:00,09:00~13:00,,,,053-353-4900,2021-07-19
한성병원,영업중,대구광역시 북구 칠성남로30길 28 (칠성동2가),,35.87621852,128.5978803,09:00~17:30,09:00~17:30,09:00~17:30,09:00~17:30,09:00~17:30,09:00~13:00,,,,053-422-3114,2021-07-19
해피아이병원,영업중,"대구광역시 북구 팔거천동로 213, 3층~6층 (동천동)",,35.94299517,128.5577397,09:00~22:00,09:00~22:00,09:00~22:00,09:00~22:00,09:00~22:00,09:00~18:00,09:00~18:00,09:00~18:00,"1,2,3,4,5",053-219-1133,2021-07-19
강북요양병원,영업중,대구광역시 북구 칠곡중앙대로 504-6 (읍내동),,35.9401537,128.5508707,09:00~18:00,09:00~18:00,09:00~18:00,09:00~18:00,09:00~18:00,09:00~18:00,,,,053-313-6006,2021-07-19
문요양병원,영업중,"대구광역시 북구 칠곡중앙대로 215, 지하2층,1층~7층층 (태전동, 장한한방병원)",,35.91536607,128.5479987,10:00~17:01,10:00~17:01,10:00~17:01,10:00~17:01,10:00~17:01,,,,,053-326-6800,2021-07-19
새결요양병원,영업중,"대구광역시 북구 학정로 103, 지하1, 1~4층 (태전동)",,35.91727892,128.5504568,09:00~17:40,09:00~17:40,09:00~17:40,09:00~17:40,09:00~17:40,09:00~12:20,,,,053-314-1100,2021-07-19
성동병원,영업중,대구광역시 북구 칠곡중앙대로99길 21 (관음동),,35.94090225,128.5475359,09:00~17:30,09:00~17:30,09:00~17:30,09:00~17:30,09:00~17:30,09:00~13:00,,,,053-325-0009,2021-07-19
아리채요양병원,영업중,대구광역시 북구 노본길 15-3 (학정동),,35.95898651,128.5662026,09:00~17:00,09:00~17:00,09:00~17:00,09:00~17:00,09:00~17:00,09:00~12:00,,,,053-321-0020,2021-07-19
의료법인효민의료재단대구큰사랑요양병원,영업중,"대구광역시 북구 대현로 46, 지하2층,지하1층일부,1층일부,2~4층,6층일부,9층 (대현동)",,35.88462579,128.6046815,09:00~18:00,09:00~18:00,09:00~18:00,09:00~18:00,09:00~18:00,09:00~13:00,,,,053-951-9119,2021-07-19
첨단요양병원,영업중,대구광역시 북구 대현로 19 (대현동),,35.88632974,128.6028507,09:00~18:00,09:00~18:00,09:00~18:00,09:00~18:00,09:00~18:00,09:00~15:00,,,,053-669-1000,2021-07-19
칠성요양병원,영업중,"대구광역시 북구 신암로 27, 2,4층일부,5-7층 (칠성동1가)",,35.87515028,128.6054295,10:00~16:00,10:00~16:00,10:00~16:00,10:00~16:00,10:00~16:00,,,,,053-256-3456,2021-07-19
침산요양병원,영업중,"대구광역시 북구 침산남로 92, 3~4층, 7~11층 (침산동)",,35.88904497,128.5858779,,,,,,,,,,053-353-3000,2021-07-19
프라임요양병원,영업중,"대구광역시 북구 신암로 111, 4~8층 (대현동)",,35.88083434,128.6112883,10:00~17:00,10:00~17:00,10:00~17:00,10:00~17:00,10:00~17:00,,,,,053-952-7775,2021-07-19
한솔요양병원,영업중,대구광역시 북구 침산로 167 (침산동),,35.89101352,128.5899973,09:00~17:30,09:00~17:30,09:00~17:30,09:00~17:30,09:00~17:00,09:00~12:00,,,,053-354-5555,2021-07-19
햇살요양병원,영업중,대구광역시 북구 팔거천동로 224 (동천동),,35.94385748,128.5587978,09:00~18:00,09:00~18:00,09:00~18:00,09:00~18:00,09:00~18:00,09:00~13:00,,,,053-326-0078,2021-07-19
2080연합피부과의원,영업중,대구광역시 북구 침산로 138,대구광역시 북구 침산동 285-5 명성프라임,35.8887434,128.5918478,09:30~19:00,09:30~19:00,09:30~19:00,09:30~19:00,09:30~20:00,09:30~16:00,,,,053-354-2800,2021-07-19
365늘속편한내과의원,영업중,"대구광역시 북구 학정로 415, 2층 (동천동, 메가타운)",,35.94184918,128.5629876,08:30~20:00,08:30~20:00,08:30~20:00,08:30~20:00,08:30~20:00,08:30~12:30,,08:30~12:30,,053-325-0365,2021-07-19
가톨릭건강의원,영업중,"대구광역시 북구 구암로 149, 2층 (동천동)",,35.93198025,128.557138,09:00~19:00,09:00~19:00,09:00~19:00,09:00~19:00,09:00~19:00,09:00~16:00,,09:00~13:00,,053-313-0400,2021-07-19
가톨릭비뇨기과의원,영업중,"대구광역시 북구 칠곡중앙대로 442, 2층,3층 (읍내동)",,35.93508056,128.5491694,08:00~17:00,08:00~17:00,08:00~17:00,08:00~17:00,08:00~17:00,08:00~13:00,,09:00~12:30,,053-325-0021,2021-07-19
가톨릭이비인후과의원,영업중,대구광역시 북구 칠곡중앙대로 411 (태전동),대구광역시 북구 태전동 940 우영펠리스,35.93249126,128.5480132,09:30~19:00,09:30~19:00,09:30~19:00,09:30~19:00,09:30~19:00,09:30~16:00,,,,053-311-7579,2021-07-19
가톨릭정충일안과의원,영업중,대구광역시 북구 학정로 431,대구광역시 북구 동천동 896-4,35.94331993,128.5632731,08:30~18:00,08:30~18:00,08:30~18:00,08:30~18:00,08:30~18:00,08:30~13:30,,,,053-322-7525,2021-07-19
가톨릭피부과의원,영업중,대구광역시 북구 구암로15길 28 (읍내동),대구광역시 북구 읍내동 1140-0,35.93508439,128.5501294,08:30~16:30,08:30~16:30,08:30~16:30,08:30~16:30,08:30~16:30,08:30~11:30,,,,053-320-2029,2021-07-19
강남수의원,영업중,"대구광역시 북구 신암로 99, 2층 (대현동)",,35.87990804,128.6104767,09:00~18:30,09:00~18:30,09:00~18:30,09:00~18:30,09:00~18:30,09:00~14:00,,,,053-944-0124,2021-07-19
강남연합정형외과의원,영업중,"대구광역시 북구 대현남로6길 11, 1층,5층 (대현동)",,35.88105085,128.608582,08:00~20:00,08:00~20:00,08:00~20:00,08:00~20:00,08:00~20:00,08:00~17:00,,,,053-242-0119,2021-07-19
강남정신건강의학괴의원,영업중,"대구광역시 북구 신암로 111, 강남메디컬타워 3층 303호 (대현동)",,35.88083434,128.6112883,09:00~18:00,09:00~18:00,09:00~18:00,09:00~18:00,09:00~18:00,,,,,053-939-0675,2021-07-19
강북가톨릭정형외과의원,영업중,"대구광역시 북구 칠곡중앙대로 427, 1,2,3층 (관음동)",,35.93390738,128.5483289,09:00~18:30,09:00~18:30,09:00~18:30,09:00~18:30,09:00~18:30,09:00~13:00,,,,053-327-1199,2021-07-19
강북연합내과의원,영업중,대구광역시 북구 구암로65길 52,대구광역시 북구 구암동 769-4,35.94175919,128.5641023,09:00~18:30,09:00~18:30,,09:00~18:30,09:00~18:30,09:00~13:00,,,,053-326-7200,2021-07-19
강북푸른정형외과의원,영업중,"대구광역시 북구 동천로 121, 1층 및 2층 일부층 (동천동, 상남빌딩)",,35.94236998,128.5603604,09:00~19:00,09:00~19:00,09:00~19:00,09:00~19:00,09:00~19:00,09:00~14:00,09:00~13:00,09:00~13:00,"1,3",053-314-2121,2021-07-19
강북학운외과의원,영업중,대구광역시 북구 칠곡중앙대로 400 (태전동),대구광역시 북구 태전동 993-9,35.93132369,128.5485489,09:30~18:30,09:30~18:30,09:30~18:30,09:30~18:30,09:30~18:30,09:30~13:00,,,,053-326-6789,2021-07-19
강창수비뇨기과의원,영업중,대구광역시 북구 칠곡중앙대로 390,대구광역시 북구 태전동 1003-1/칠곡네거리~대구과학대삼거리 사이,35.93040316,128.5483758,09:00~18:30,09:00~18:30,09:00~18:30,09:00~18:30,09:00~18:30,09:00~13:00,,,,053-321-0602,2021-07-19
강피부과의원,영업중,대구광역시 북구 동북로 170 (산격동),,35.89896543,128.611071,09:30~18:20,09:30~18:20,09:30~18:20,09:30~18:20,09:30~18:20,09:30~13:00,,,,053-959-2100,2021-07-19
건강한내과와튼튼한소아과의원,영업중,대구광역시 북구 원대로 42,대구광역시 북구 고성동2가 116-2/달성초등학교네거리 부근,35.88117615,128.5810222,09:00~19:00,09:00~19:00,09:00~19:00,09:00~19:00,09:00~19:00,09:00~13:00,,09:00~13:00,,053-341-7582,2021-07-19
경대속사랑내과의원,영업중,"대구광역시 북구 대현남로6길 11, 3층 (대현동)",,35.88105085,128.608582,09:00~19:00,09:00~19:00,09:00~19:00,09:00~19:00,09:00~19:00,09:00~15:00,,,,053-942-7575,2021-07-19
경대속연합의원,영업중,대구광역시 북구 한강로4길 9,대구광역시 북구 사수동 953 3층,35.89607902,128.5145532,09:00~19:30,09:00~19:30,09:00~19:30,09:00~19:30,09:00~19:30,09:00~15:00,,09:00~13:00,,053-327-0119,2021-07-19
경대수내과의원,영업중,"대구광역시 북구 동천로23길 30-23, 3층 301~304호 (동천동)",,35.94398793,128.5570677,09:30~18:30,09:30~18:30,09:30~18:30,09:30~13:00,09:30~18:30,09:30~14:00,,,,053-326-0099,2021-07-19
경대에스비뇨의학과의원,영업중,"대구광역시 북구 팔거천동로 223, 수정빌딩 4층 401호 (동천동)",,35.94398644,128.5579185,09:00~19:00,09:00~19:00,09:00~21:00,09:00~19:00,09:00~19:00,09:00~14:00,,,,053-216-0119,2021-07-19
경대연합내과의원,영업중,대구광역시 북구 칠곡중앙대로 461 (관음동),대구광역시 북구 관음동 1386-12 (관음동),35.93701188,128.5488064,09:00~18:00,09:00~18:00,09:00~18:00,09:00~18:00,09:00~18:00,09:00~12:30,,09:00~12:30,,053-322-6466,2021-07-19
경복의원,영업중,대구광역시 북구 태전로7길 3,대구광역시 북구 태전동 155-19/태전한라아파트 입구,35.92314514,128.5440555,09:00~19:00,09:00~19:00,09:00~19:00,09:00~19:00,09:00~19:00,14:30~19:00,,09:00~19:00,,053-312-7374,2021-07-19
경북대학교부속의원,영업중,"대구광역시 북구 대학로 80 (산격동, 복지관 3층)",대구광역시 북구 산격동 1370-1/경북대학교캠퍼스내(구.보건지소),35.88909849,128.6143217,09:30~17:00,09:30~17:00,09:30~17:00,09:30~17:00,09:30~17:00,,,,,053-950-8197,2021-07-19
경북마취제통의원,영업중,대구광역시 북구 동북로 163,대구광역시 북구 산격2동 500-1번지/산경시장 맞은편(대우APT상가),35.89945228,128.6113378,09:00~19:30,09:00~19:30,09:00~19:30,09:00~19:30,09:00~19:30,09:00~17:00,,,,053-382-8211,2021-07-19
경찰공제회 대구북부의원,영업중,대구광역시 북구 태암남로 38 (태전동),,35.92451067,128.5522009,10:00~10:01,,,,,,,,,053-311-0835,2021-07-19
경희산부인과의원,영업중,대구광역시 북구 칠곡중앙대로 404 (태전동),대구광역시 북구 태전동 993-12 메디팜빌딩,35.93176259,128.5486151,09:30~18:00,09:30~19:00,09:30~18:00,09:30~13:00,09:30~18:00,09:30~13:00,,,,053-325-7585,2021-07-19
고운미의원,영업중,"대구광역시 북구 침산로 124, 2층 (침산동)",,35.88729112,128.591752,09:30~19:00,09:30~19:00,09:30~19:00,09:30~19:00,09:30~19:00,09:30~14:00,,,,053-352-0070,2021-07-19
고원섭내과의원,영업중,대구광역시 북구 구암로 150 (구암동),대구광역시 북구 구암동 650-1/농업기반공사->칠곡IC,35.93148344,128.5571058,09:30~18:30,09:30~18:30,09:30~18:30,09:30~13:00,09:30~18:30,09:30~13:00,,,,053-321-8207,2021-07-19
고은연합소아청소년과의원,영업중,대구광역시 북구 침산남로 140,대구광역시 북구 침산3동 260-8/침산네거리 북대구농협 3층,35.8880848,128.5909532,09:00~19:00,09:00~19:00,09:00~19:00,09:00~19:00,09:00~19:00,09:00~16:00,,09:00~13:00,,053-341-5225,2021-07-19
공피부과의원,영업중,대구광역시 북구 팔달로 149,대구광역시 북구 노원동3가 763-/원대오거리~만평네거리 사이(팔달시장),35.88927881,128.566459,09:30~19:30,09:30~18:30,09:30~13:00,09:30~18:30,09:30~19:30,09:30~16:00,,09:30~13:00,,053-710-0710,2021-07-19
굿모닝신경과의원,영업중,"대구광역시 북구 학정로 419, 3층 304호 (동천동)",,35.94208969,128.5630804,09:00~18:00,09:00~18:00,09:00~18:00,09:00~18:00,09:00~18:00,09:00~14:00,,,,053-323-0075,2021-07-19
권혜진소아과의원,영업중,"대구광역시 북구 대천로 100, 213/201 (동천동,화성센트럴파크상가)",대구광역시 북구 동천동 950/화성센트럴파크상가2층,35.93503621,128.559968,09:00~18:00,09:00~18:00,09:00~18:00,09:00~18:00,09:00~18:00,,,,,053-327-0075,2021-07-19
기세길내과의원,영업중,"대구광역시 북구 대천로 91, 1층 (동천동)",대구광역시 북구 동천동 931-4 진보빌딩1층/동천동농협 맞은편,35.93716235,128.5593151,09:00~19:00,09:00~19:00,09:00~19:00,09:00~19:00,09:00~19:00,09:00~13:00,,09:00~13:00,,053-321-0005,2021-07-19
김가정의학과-외과의원,영업중,대구광역시 북구 대구체육관로 51-2 (산격동),,35.89268443,128.6049545,09:00~19:00,09:00~19:00,09:00~19:00,09:00~19:00,09:00~19:00,09:00~19:00,,09:00~19:00,,053-941-3893,2021-07-19
김규태안과의원,영업중,대구광역시 북구 동북로 163,대구광역시 북구 산격동 500-1/산격대우상가 3층,35.89958173,128.6110923,09:00~18:30,09:00~18:30,09:00~18:30,09:00~18:30,09:00~18:30,09:00~13:00,,,,053-382-4020,2021-07-19
김무곤초심내과의원,영업중,"대구광역시 북구 침산남로19길 2, 2층 (침산동)",,35.88942773,128.5869177,09:00~19:00,09:00~19:00,09:00~19:00,09:00~19:00,09:00~19:00,09:00~13:00,,,,053-353-6060,2021-07-19
김문규이비인후과의원,영업중,대구광역시 북구 동북로 163,대구광역시 북구 산격2동 500-1/대우아파트상가 2층,35.89965654,128.6108901,09:00~18:30,09:00~18:30,09:00~18:30,09:00~18:30,09:00~18:30,09:00~15:00,,,,053-381-0035,2021-07-19
김숙현산부인과의원,영업중,"대구광역시 북구 침산남로 154, 302호 (침산동,메이저타워)",대구광역시 북구 침산2동265-11 메이저타워/침산네거리,35.88784648,128.5922769,09:30~18:30,09:30~19:00,09:30~13:30,09:30~18:30,09:30~18:30,09:30~13:30,,,,053-359-1090,2021-07-19
김시환내과의원,영업중,"대구광역시 북구 동북로 311, (복현동)",대구광역시 북구 복현동 375-13/중앙주유소 옆,35.89200234,128.6237818,09:00~18:30,09:00~18:30,09:00~18:30,09:00~18:30,09:00~18:30,09:00~12:30,,,,053-959-3800,2021-07-19
김연합의원,영업중,"대구광역시 북구 검단로 114, 2층 (검단동)",대구광역시 북구 검단동 936-9,35.90676831,128.6201834,09:00~19:00,09:00~19:00,09:00~19:00,09:00~19:00,09:00~19:00,09:00~16:00,,,,053-383-7571,2021-07-19
김정수이비인후과의원,영업중,"대구광역시 북구 학정로 415, 303호 (동천동, 메가타운)",,35.94183859,128.5629869,09:00~18:30,09:00~18:30,09:00~18:30,09:00~18:30,09:00~18:30,09:00~13:00,,09:00~13:00,,053-327-3338,2021-07-19
김제형내과의원,영업중,대구광역시 북구 대현로 88-1,대구광역시 북구 대현2동 408-2/동대구시장 입구,35.88250378,128.6086472,09:00~18:00,09:00~18:00,09:00~18:00,09:00~18:00,09:00~18:00,09:00~13:00,,,,053-954-4288,2021-07-19
김종서내과의원,영업중,"대구광역시 북구 고성로28길 1, 1층 (고성동2가)",,35.88120397,128.5816523,09:00~18:00,09:00~18:00,09:00~18:00,09:00~18:00,09:00~18:00,09:00~13:00,,,,053-352-5124,2021-07-19
김종철내과의원,영업중,대구광역시 북구 학정로 38,대구광역시 북구 태전동 770-2 매천택지개발지구 2B1롯트(2층)/대구병원삼거리중석타운방향,35.91327249,128.5468414,08:30~19:00,08:30~19:00,08:30~19:00,08:30~19:00,08:30~19:00,08:30~15:00,,,,053-313-0112,2021-07-19
김지은정신건강의학과의원,영업중,"대구광역시 북구 침산남로 140, 엠비프라자 4층 403호 (침산동)",,35.88808751,128.5909529,09:00~18:00,09:00~18:00,09:00~18:00,09:00~18:00,09:00~18:00,09:00~13:00,,,,053-356-7566,2021-07-19
김하식외과의원,영업중,대구광역시 북구 칠곡중앙대로 219 (태전동),대구광역시 북구 태전동 496-10,35.91562074,128.5481101,09:00~18:30,09:00~18:30,09:00~18:30,09:00~18:30,09:00~18:30,09:00~14:00,,,,053-312-5690,2021-07-19
꿈나무연합소아청소년과의원,영업중,"대구광역시 북구 학정로 419, 3층 302,303호(동천동)",대구광역시 북구 학정로 419(동천동),35.94211178,128.5630282,09:00~18:30,09:00~18:30,09:00~18:30,09:00~18:30,09:00~18:30,09:00~14:00,,09:00~13:00,,053-324-7100,2021-07-19
녹십자연합의원,영업중,대구광역시 북구 칠곡중앙대로 535 (읍내동),,35.94343077,128.5506139,09:00~19:00,09:00~19:00,09:00~19:00,09:00~19:00,09:00~19:00,09:00~14:00,,,,053-314-1001,2021-07-19
늘편한속연합내과의원,영업중,"대구광역시 북구 침산남로 154, 메이저타워 2층 201호 (침산동)",,35.88784648,128.5922769,08:30~19:00,08:30~19:00,08:30~19:00,08:30~19:00,08:30~19:00,08:30~14:00,,,,053-351-9070,2021-07-19
늘편한신경외과의원,영업중,"대구광역시 북구 동북로 172, 2층 (산격동)",,35.89887908,128.6113439,09:00~18:30,09:00~18:30,09:00~18:30,09:00~18:30,09:00~18:30,09:00~13:00,,,,053-952-2345,2021-07-19
늘푸른의원,영업중,대구광역시 북구 태전로1길 26 (태전동),,35.92009252,128.54346,09:00~19:00,09:00~19:00,09:00~19:00,09:00~19:00,09:00~19:00,09:00~13:00,,09:00~13:00,,053-311-0980,2021-07-19
다비드제통외과의원,영업중,"대구광역시 북구 칠곡중앙대로 393, 3층 (태전동)",,35.93073216,128.5477396,09:00~19:00,09:00~19:00,09:00~19:00,09:00~19:00,09:00~19:00,09:00~14:00,,,,053-351-1704,2021-07-19
닥터배이비인후과의원,영업중,대구광역시 북구 동암로 90 세븐밸리 4층,대구광역시 북구 동천동 894-1 세븐밸리 세븐밸리 4층,35.94414135,128.5614181,09:30~18:30,09:30~18:30,09:30~18:30,14:00~18:30,09:30~18:30,09:30~13:00,09:30~13:00,,"1,2,3,4,5",053-323-7582,2021-07-19
대구성모안과의원,영업중,대구광역시 북구 동북로 168,대구광역시 북구 산격동 1260-6/대우산격APT상가 맞은편,35.89904039,128.6108732,09:00~18:30,09:00~18:30,09:00~18:30,09:00~18:30,09:00~18:30,09:00~14:00,,,,053-955-1090,2021-07-19
대현이비인후과의원,영업중,"대구광역시 북구 대현로 96, 2층일부 (대현동)",대구광역시 북구 대현동 407-12(2층),35.88237778,128.6095,09:00~18:30,09:00~18:30,09:00~18:30,09:00~18:30,09:00~18:30,09:00~15:00,,09:00~13:00,,053-939-8577,2021-07-19
더편한연합정형외과의원,영업중,"대구광역시 북구 팔달로 191, 1층, 2층 (노원동2가)",,35.8886627,128.5710842,09:00~19:00,09:00~19:00,09:00~19:00,09:00~19:00,09:00~19:00,09:00~14:00,,,,053-283-0119,2021-07-19
동대구정형외과의원,영업중,"대구광역시 북구 신암로 105 (대현동, 1,2층 일부)",,35.88027493,128.610803,09:00~18:00,09:00~18:00,09:00~18:00,09:00~18:00,09:00~18:00,09:00~12:00,,,,053-941-6370,2021-07-19
동산안과의원,영업중,"대구광역시 북구 칠곡중앙대로 404, 4층(태전동,메디팜빌딩)",대구광역시 북구 태전동 993-12 메디팜빌딩,35.93185667,128.5485795,09:00~18:30,09:00~18:30,09:00~18:30,09:00~18:30,09:00~18:30,09:00~15:30,,09:00~12:00,,053-323-9691,2021-07-19
동산연합정형외과의원,영업중,"대구광역시 북구 원대로 76, 지하,1층일부,2층일부,4층호 (고성동3가)",,35.88423867,128.5819467,09:00~19:00,09:00~19:00,09:00~19:00,09:00~19:00,09:00~19:00,09:00~16:00,,09:00~15:30,,053-356-0070,2021-07-19
동산의원,영업중,"대구광역시 북구 고성로 154, (고성동2가)",대구광역시 북구 고성동2가 111-2/시민운동장->태평전화국,35.88102389,128.5825301,09:00~19:00,09:00~19:00,09:00~19:00,09:00~19:00,09:00~19:00,09:00~17:00,,09:00~15:00,,053-351-7582,2021-07-19
동서변정형외과의원,영업중,대구광역시 북구 호국로 215 (서변동),대구광역시 북구 서변동 1787 대성골든프라자2차,35.92082858,128.5988136,09:00~18:30,09:00~18:30,09:00~18:30,09:00~18:30,09:00~18:30,09:00~14:00,,,,053-958-7582,2021-07-19
동서정형외과의원,영업중,대구광역시 북구 칠곡중앙대로 406 (태전동),,35.93197673,128.5486328,09:00~18:30,09:00~18:30,09:00~18:30,09:00~18:30,09:00~18:30,09:00~13:00,,,,053-323-1500,2021-07-19
동아이비인후과의원,영업중,"대구광역시 북구 칠곡중앙대로 424, (읍내동)",대구광역시 북구 읍내동 1343-4/칠곡네거리->칠곡가톨릭병원,35.93353889,128.5489417,09:00~19:00,09:00~19:00,09:00~19:00,09:00~19:00,09:00~19:00,09:00~15:15,,09:00~12:00,,053-322-1245,2021-07-19
동영연합의원,영업중,"대구광역시 북구 연암로 170, 1층,3층 (산격동)",,35.89957808,128.5964415,09:00~18:30,09:00~18:30,09:00~18:30,09:00~18:30,09:00~18:30,09:00~12:00,,,,053-956-5757,2021-07-19
두드림정신건강의학과의원,영업중,"대구광역시 북구 침산로 138, 명성프라임 3층 305호 (침산동)",,35.88880707,128.5918709,09:30~20:00,09:30~19:00,14:30~20:00,09:30~19:00,09:30~19:00,09:30~14:00,,,,053-354-8275,2021-07-19
드림비뇨의학과의원,영업중,"대구광역시 북구 칠곡중앙대로 385-1, 3층 (태전동)",대구광역시 북구 태전동 961-15 /칠곡황장군 부근,35.92978333,128.5475528,09:30~18:00,09:30~18:00,09:30~18:00,14:00~20:00,09:30~18:00,09:30~13:00,,,,053-323-0411,2021-07-19
든든한배연합내과의원,영업중,"대구광역시 북구 침산로 173, 2층 203호 (침산동)",,35.89148901,128.5896831,08:30~19:00,08:30~19:00,08:30~19:00,08:30~19:00,08:30~19:00,08:30~16:00,,,,053-351-7070,2021-07-19
라온연합의원,영업중,대구광역시 북구 동천로23길 6,대구광역시 북구 동천동 908-5/영남네오빌101동 길건너,35.94211421,128.5600845,09:00~18:30,09:00~18:30,09:00~18:30,09:00~18:30,09:00~18:30,09:00~13:00,,,,053-654-0278,2021-07-19
류외과연합의원,영업중,대구광역시 북구 검단로 112,대구광역시 북구 검단동 936-3,35.90655277,128.6199485,09:00~18:30,09:00~18:30,09:00~18:30,09:00~18:30,09:00~18:30,09:00~13:00,,,,053-382-7585,2021-07-19
마디척재활의학과의원,영업중,"대구광역시 북구 침산남로 155, 1,4층 (침산동)",,35.88816712,128.5928326,09:00~19:00,09:00~18:30,09:00~18:30,09:00~18:30,09:00~18:30,09:00~13:30,,,,053-353-9698,2021-07-19
마인드필정신건강의학과의원,영업중,"대구광역시 북구 침산남로 136, 6층 (침산동, 동성빌딩)",대구광역시 북구 침산3동 260-10(동성빌딩6층)/침산네거리 인근,35.88821593,128.5908491,10:00~19:00,10:00~19:00,10:00~20:00,10:00~19:00,10:00~19:00,10:00~15:00,,,,053-351-5566,2021-07-19
맑은연합속내과의원,영업중,"대구광역시 북구 학정로 427, 2층 일부층 (동천동)",대구광역시 북구 동천동 912-1 일도프라자,35.94239216,128.5631041,09:00~19:00,09:00~19:00,09:00~19:00,09:00~19:00,09:00~19:00,09:00~13:00,,09:00~13:00,,053-312-7557,2021-07-19
맘스맘연합소아청소년과의원,영업중,"대구광역시 북구 내곡로 38-6, 201,202호 (사수동)",,35.89891846,128.5106371,09:00~18:30,09:00~18:30,09:00~13:00,09:00~18:30,09:00~18:30,09:00~14:00,,09:00~13:00,,053-324-7707,2021-07-19
명성연합신경외과의원,영업중,대구광역시 북구 침산로 138 (침산동),,35.8887525,128.5917713,09:00~19:00,09:00~19:00,09:00~19:00,09:00~19:00,09:00~19:00,09:00~13:00,,09:00~13:00,,053-358-7272,2021-07-19
모영종비뇨기과의원,영업중,"대구광역시 북구 검단로 3, (산격동)",대구광역시 북구 산격2동 492-47/복현오거리 롯데리아옆,35.8979524,128.6147717,09:30~19:00,09:30~19:00,09:30~19:00,09:30~19:00,09:30~19:00,09:30~17:00,,,,053-381-7200,2021-07-19
미소지앤의원,영업중,대구광역시 북구 동북로 172 (산격동),대구광역시 북구 산격동 1260-9,35.89887128,128.6113714,10:00~18:30,10:00~18:30,10:00~18:30,10:00~18:30,10:00~18:30,,,,,053-381-3334,2021-07-19
미즈슬림의원,영업중,"대구광역시 북구 동북로 162, 2층 (산격동)",,35.89923711,128.6103676,10:00~19:00,10:00~19:00,10:00~19:00,14:00~20:00,10:00~20:00,10:00~14:00,,,,053-954-0129,2021-07-19
미즈웰산부인과의원,영업중,"대구광역시 북구 칠곡중앙대로 411, 2층 (태전동, 우영펠리스)",,35.93252745,128.5479964,09:30~18:00,09:30~19:30,09:30~13:00,09:30~18:00,09:30~18:00,09:30~13:00,,,,053-322-7589,2021-07-19
미즈피부과의원,영업중,"대구광역시 북구 침산남로 154, 3층 (침산동, 메이저타운)",,35.88777702,128.5923486,09:30~19:00,09:30~19:30,09:30~19:00,09:30~19:00,09:30~20:00,09:30~16:00,,,,053-341-8275,2021-07-19
바른속내과의원,영업중,"대구광역시 북구 동북로 291, 401호 (복현동)",,35.89278121,128.622162,09:00~19:00,09:00~19:00,09:00~19:00,09:00~19:00,09:00~19:00,09:00~14:00,,,,053-941-0088,2021-07-19
바른정신건강의학과의원,영업중,"대구광역시 북구 동북로 168, 5층 (산격동)",,35.89905046,128.6108467,09:00~18:00,09:00~18:00,14:00~19:00,09:00~18:00,09:00~18:00,09:30~14:00,,,,053-955-7512,2021-07-19
박내과의원,영업중,"대구광역시 북구 팔달로 163, 가동 1층 (노원동3가)",,35.88907997,128.5678411,09:00~19:00,09:00~19:00,09:00~19:00,09:00~19:00,09:00~19:00,09:00~17:00,09:00~13:00,09:00~14:00,"1,2,3,4,5",053-341-7523,2021-07-19
박순재정신건강의학과의원,영업중,"대구광역시 북구 학정로 429, 302호 (동천동, 로데오프라자)",,35.94308994,128.5632026,09:30~18:30,09:30~18:30,09:30~18:30,09:30~18:30,09:30~18:30,09:30~13:30,,,,053-311-0075,2021-07-19
박시화내과의원,영업중,"대구광역시 북구 칠성시장로7길 36, (칠성동1가)",대구광역시 북구 칠성1가 180-3/칠성시장->문구골목,35.87586667,128.6020694,09:00~18:00,09:00~18:00,09:00~18:00,09:00~18:00,09:00~18:00,09:00~13:00,,,,053-427-1890,2021-07-19
박이비인후과의원,영업중,"대구광역시 북구 대천로 93, (동천동)",대구광역시 북구 동천동 931-5호/동천동보건지소 옆,35.93706451,128.5594938,09:00~18:30,09:00~18:30,14:00~18:30,09:00~18:30,09:00~18:30,08:30~13:00,,,,053-325-7577,2021-07-19
배비뇨기과의원,영업중,대구광역시 북구 동북로 146,대구광역시 북구 산격동 1207-43/북대구농협->침산교,35.90016009,128.6088181,09:00~18:30,09:00~18:30,09:00~18:30,09:00~18:30,09:00~18:30,09:00~13:00,,,,053-957-4576,2021-07-19
법무부대구소년원부속의원,영업중,대구광역시 북구 칠곡중앙대로99길 12 (읍내동),,35.94165007,128.549154,09:00~17:00,,,,,,,,,053-260-7200,2021-07-19
벗이비인후과의원,영업중,"대구광역시 북구 구암로 153, 동천빌딩 1층 (동천동)",,35.93194535,128.5575152,09:00~19:00,09:00~19:00,09:00~19:00,09:00~19:00,09:00~19:00,09:00~14:30,,09:00~13:00,,053-321-6300,2021-07-19
베드로신경외과의원,영업중,대구광역시 북구 팔달로 155 (노원동3가),대구광역시 북구 노원동3가 764-8,35.88922858,128.566994,09:00~18:00,09:00~18:00,09:00~18:00,09:00~18:00,09:00~18:00,09:00~13:00,,,,053-351-8282,2021-07-19
별소아청소년과의원,영업중,대구광역시 북구 동북로 345,,35.8909142,128.626248,09:20~18:15,09:20~18:15,09:20~18:15,09:20~18:15,09:20~18:15,09:20~14:00,,,,053-958-6676,2021-07-19
복현안심의원,영업중,대구광역시 북구 동북로 290,대구광역시 북구 복현동 337-9 3층,35.89226408,128.6215801,09:00~19:00,09:00~19:00,09:00~19:00,09:00~19:00,09:00~19:00,09:00~15:00,,,,053-955-8200,2021-07-19
복현연합내과의원,영업중,"대구광역시 북구 공항로 7, 2층,5층 (복현동)",대구광역시 북구 복현동 200-1/복현오거리->공항교,35.89758294,128.6155749,09:00~19:00,09:00~19:00,09:00~19:00,09:00~19:00,09:00~19:00,09:00~16:00,,09:00~13:00,,053-943-9380,2021-07-19
복현피부과의원,영업중,대구광역시 북구 동북로 288,대구광역시 북구 복현동 479-3/축협사거리(대구은행 건너편),35.89250815,128.6213901,09:50~18:00,09:50~18:00,09:50~18:00,09:50~18:00,09:50~18:00,09:50~12:30,,09:50~12:30,,053-953-5114,2021-07-19
부강정형외과의원,영업중,대구광역시 북구 칠곡중앙대로 573 (읍내동),,35.94690026,128.5509581,09:00~19:00,09:00~19:00,09:00~19:00,09:00~19:00,09:00~19:00,09:00~15:00,,09:00~13:00,,053-326-7557,2021-07-19
부부연합속내과의원,영업중,"대구광역시 북구 중앙대로 506, 2,3층 (칠성동2가, 미성빌딩)",,35.87806617,128.5954843,08:30~17:30,08:30~17:30,08:30~17:30,08:30~17:30,08:30~17:30,08:30~14:00,,,,053-425-5959,2021-07-19
북대구의원,영업중,"대구광역시 북구 칠곡중앙대로 205, (태전동)",대구광역시 북구 태전동 789-5/대구병원 맞은편,35.91449005,128.5482154,09:30~18:00,09:30~18:00,09:30~18:00,09:30~18:00,09:30~18:00,09:30~13:00,,,,053-311-1319,2021-07-19
산격마취통증의학과의원,영업중,대구광역시 북구 동북로 172,대구광역시 북구 산격동 1260-9(4층),35.89891506,128.6113491,09:00~18:30,09:00~18:30,09:00~18:30,09:00~18:30,09:00~18:30,09:00~13:00,,,,053-959-5139,2021-07-19
산격수정형외과의원,영업중,대구광역시 북구 동북로 146 (산격동),,35.90013333,128.6087083,09:00~19:00,09:00~19:00,09:00~19:00,09:00~19:00,09:00~19:00,09:00~13:00,,09:00~13:00,,053-952-7582,2021-07-19
산격연합의원,영업중,대구광역시 북구 산격로 48 (산격동),대구광역시 북구 산격동 1410-41,35.89481695,128.6054053,09:00~19:00,09:00~19:00,09:00~19:00,09:00~19:00,09:00~19:00,09:00~14:00,,09:00~13:00,,053-942-0075,2021-07-19
삼성바른내과의원,영업중,"대구광역시 북구 학정로 427, 2층 일부층 (동천동)",,35.9427587,128.5631739,09:00~19:00,09:00~19:00,09:00~19:00,09:00~19:00,09:00~19:00,09:00~16:00,,,,053-312-7557,2021-07-19
삼성제통마취통증의학과의원,영업중,"대구광역시 북구 팔달로 169, 2층 (노원동3가)",,35.8889152,128.5686357,09:00~20:00,09:00~19:00,09:00~20:30,09:00~19:00,09:00~19:00,09:00~17:00,,09:00~13:00,,053-352-7582,2021-07-19
상쾌한이비인후과의원,영업중,"대구광역시 북구 내곡로 38, 302호 (사수동)",,35.89898903,128.5098986,09:00~19:00,09:00~19:00,09:00~19:00,09:00~19:00,09:00~19:00,09:00~15:00,,09:00~13:00,,053-325-2238,2021-07-19
새강북연합정형외과의원,영업중,"대구광역시 북구 학정로 419, 1층2층6층일부,7층 층호 (동천동)",,35.94210788,128.5630675,09:00~20:00,09:00~20:00,09:00~20:00,09:00~20:00,09:00~20:00,09:00~17:00,09:00~13:00,09:00~13:00,"1,2,3,4,5",053-324-7575,2021-07-19
새길정형외과의원,영업중,"대구광역시 북구 팔거천동로 223, 102,201,501호 (동천동, 수정빌딩)",,35.94398023,128.5579375,09:00~19:00,09:00~19:00,09:00~19:00,09:00~19:00,09:00~19:00,09:00~15:00,,,,053-313-1199,2021-07-19
새동산산부인과의원,영업중,"대구광역시 북구 칠곡중앙대로 407, 2~5층 (태전동)",,35.93204401,128.5480355,09:00~19:00,09:00~18:00,09:00~18:00,09:00~19:00,09:00~18:00,09:00~12:00,,,,053-324-1616,2021-07-19
새별소아청소년과의원,영업중,"대구광역시 북구 침산로 168, 5층 505호 (침산동)",,35.89119195,128.5906119,09:00~19:00,09:00~19:00,09:00~13:00,09:00~19:00,09:00~19:00,,09:00~13:00,,"1,2,3,4,5",053-710-7975,2021-07-19
새빛안과의원,영업중,대구광역시 북구 칠곡중앙대로 411,대구광역시 북구 태전동 940,35.93252392,128.5479961,09:00~18:20,09:00~18:20,09:00~18:20,09:00~18:20,09:00~18:20,09:00~13:00,,,,053-322-1901,2021-07-19
새소망내과의원,영업중,"대구광역시 북구 공항로 10, 1층, 지하층일부 (복현동)",대구광역시 북구 복현2동 200-4/건양아파트 건너편(복현오거리),35.89761667,128.616275,08:00~19:00,08:00~19:00,08:00~19:00,08:00~19:00,08:00~19:00,08:00~16:00,,,,053-943-0675,2021-07-19
서변산부인과의원,영업중,대구광역시 북구 호국로 219 (서변동),대구광역시 북구 서변동 1786/서변온천 2층,35.92117635,128.5988919,09:00~18:00,09:00~18:00,09:00~18:00,09:00~18:00,09:00~18:00,09:00~13:01,,09:00~13:00,,053-951-5800,2021-07-19
서울바른마취통증의학과의원,영업중,"대구광역시 북구 학정로 427, 3층 (동천동)",,35.94276963,128.5631653,09:00~19:00,09:00~21:00,09:00~19:00,09:00~21:00,09:00~19:00,09:00~15:00,,,,053-313-7582,2021-07-19
서울성모의원,영업중,"대구광역시 북구 서변로 97, 1층 (서변동)",,35.92457779,128.5965495,09:00~19:00,09:00~19:00,09:00~19:00,09:00~19:00,09:00~19:00,09:00~13:00,,,,053-939-7577,2021-07-19
서울연합마취통증의학과의원,영업중,대구광역시 북구 학정로 435 (동천동),대구광역시 북구 동천동 896-3,35.94353398,128.5631665,09:00~19:00,09:00~19:00,09:00~19:00,09:00~19:00,09:00~19:00,09:00~13:00,,,,053-322-8275,2021-07-19
서정소아과의원,영업중,"대구광역시 북구 학정동로 10, 204,205호 (국우동,주공그린빌6단지상가)",대구광역시 북구 국우동 1080 /학남초등학교(주공그린빌6단지상가),35.94403798,128.5670689,09:00~18:30,09:00~18:30,09:00~18:30,09:00~18:30,09:00~18:30,09:00~13:00,,,,053-326-4030,2021-07-19
서현지소아청소년과의원,영업중,대구광역시 북구 대현남로 42 (대현동),,35.88174337,128.6077744,09:00~18:30,09:00~18:30,09:00~13:00,09:00~18:30,09:00~18:30,09:00~13:00,,,,053-958-0119,2021-07-19
서혜상내과의원,영업중,"대구광역시 북구 연암로22길 1, (산격동)",대구광역시 북구 산격1동 845/성북교->산격주공,35.89423586,128.594426,08:30~18:00,08:30~18:00,08:30~18:00,08:30~18:00,08:30~18:00,08:30~13:00,,,,053-959-8500,2021-07-19
선내과의원,영업중,대구광역시 북구 학정로 436,대구광역시 북구 구암동 765-3,35.94345003,128.564078,09:00~18:30,09:00~18:30,09:00~18:30,09:00~18:30,09:00~18:30,09:00~13:00,,,,053-323-1188,2021-07-19
선우속시원내과의원,영업중,"대구광역시 북구 칠곡중앙대로 393, 3층 (태전동)",,35.93089873,128.5476808,08:30~18:00,08:30~18:00,08:30~18:00,08:30~18:00,08:30~18:00,08:30~13:00,,08:30~13:00,,053-322-0313,2021-07-19
섬기는내과의원,영업중,대구광역시 북구 호국로 215,대구광역시 북구 서변동 1787/대성골든프라자2차,35.92083579,128.5988138,09:00~18:30,09:00~18:30,09:00~18:30,09:00~18:30,09:00~18:30,09:00~13:00,,,,053-952-7585,2021-07-19
성모연합의원,영업중,"대구광역시 북구 관음중앙로 143, 1층 (읍내동)",,35.9452866,128.5480724,09:00~19:00,09:00~19:00,09:00~19:00,09:00~19:00,09:00~19:00,09:00~14:00,,,,053-311-8896,2021-07-19
성모이비인후과의원,영업중,대구광역시 북구 학정로 416,대구광역시 북구 구암동 769-3/보석사우나 2층,35.94175933,128.5638142,09:00~19:00,09:00~19:00,09:00~19:00,09:00~19:00,09:00~19:00,09:00~14:00,,,,053-326-7171,2021-07-19
성북우리들의원,영업중,"대구광역시 북구 연암로 100, 1,2층 (산격동)",,35.89350418,128.5943573,09:00~18:30,09:00~18:30,09:00~18:30,09:00~18:30,09:00~18:30,09:00~12:30,,09:00~12:30,,053-941-8275,2021-07-19
성신연합의원,영업중,대구광역시 북구 연암로 190 (산격동),,35.90141285,128.596505,08:30~18:00,08:30~18:00,08:30~18:00,08:30~18:00,08:30~18:00,08:30~14:00,,08:30~14:00,,053-943-0351,2021-07-19
성심연합의원,영업중,대구광역시 북구 동북로 260 (복현동),,35.89420411,128.618955,09:30~18:00,09:30~18:00,09:30~18:00,14:00~18:00,09:30~18:00,09:30~13:00,,,,053-956-8227,2021-07-19
성지가정의학과의원,영업중,대구광역시 북구 산격로8길 1 (산격동),,35.89372519,128.6053744,09:00~18:00,09:00~18:00,09:00~18:00,09:00~18:00,09:00~18:00,09:00~13:00,,,,053-952-0848,2021-07-19
속시원내과 방사선과의원,영업중,대구광역시 북구 동북로 172 (산격동),대구광역시 북구 산격3동 1260-9/복현오거리->산격시장,35.89884737,128.6114075,09:00~18:00,09:00~18:00,09:00~18:00,09:00~18:00,09:00~18:00,09:00~13:00,,,,053-959-9001,2021-07-19
손석수이비인후과의원,영업중,"대구광역시 북구 동북로 168, (산격동)",대구광역시 북구 산격3동 1260-7/산격대우APT 맞은편,35.89903375,128.6110159,09:00~18:00,09:00~18:00,09:00~18:00,09:00~18:00,09:00~18:00,09:00~12:30,,,,053-953-5434,2021-07-19
송병주안과의원,영업중,"대구광역시 북구 팔달로 155, (노원동3가)",대구광역시 북구 노원동3가 764-8/팔달시장->만평로타리,35.88918105,128.5669992,09:30~17:40,09:30~17:40,09:30~17:40,09:30~17:40,09:30~17:40,09:30~12:30,,,,053-352-7500,2021-07-19
수이비성형외과의원,영업중,대구광역시 북구 칠곡중앙대로 435,,35.93463926,128.5483165,10:00~19:00,10:00~19:00,10:00~19:00,10:00~19:00,10:00~19:00,10:00~16:00,,,,053-321-1400,2021-07-19
시티여성의원,영업중,대구광역시 북구 침산남로 153,대구광역시 북구 침산동 265-8,35.88817918,128.5925364,09:00~18:30,09:00~18:30,09:00~18:30,09:00~18:30,09:00~18:30,09:00~15:00,,,,053-341-8899,2021-07-19
신내과의원,영업중,"대구광역시 북구 칠곡중앙대로 457, 2층 (관음동)",,35.9365946,128.5487406,09:00~19:00,09:00~19:00,09:00~19:00,09:00~19:00,09:00~19:00,09:00~15:00,,09:00~13:00,,053-313-8575,2021-07-19
신세계연합의원,영업중,"대구광역시 북구 동북로 156, 1, 8층 (산격동)",,35.89960072,128.6096751,09:00~19:00,09:00~19:00,09:00~19:00,09:00~19:00,09:00~19:00,09:00~15:00,,,,053-944-7575,2021-07-19
신세계의원,영업중,"대구광역시 북구 학남로3길 41, 2층 (학정동)",,35.9523864,128.5676143,09:00~19:00,09:00~19:00,09:00~19:00,09:00~19:00,09:00~19:00,09:00~15:00,,,,053-326-8278,2021-07-19
신수현소아청소년과의원,영업중,대구광역시 북구 구암로 137,대구광역시 북구 동천동 878-1/대구은행 맞은편,35.9320722,128.5558985,09:00~18:30,09:00~19:00,09:00~18:30,09:00~19:00,09:00~18:30,09:00~12:30,,,,053-323-2477,2021-07-19
아주연합정형외과의원,영업중,"대구광역시 북구 동북로 277, 1~4층 (복현동)",,35.89346111,128.6207306,09:00~18:30,09:00~18:30,09:00~18:30,09:00~18:30,09:00~18:30,09:00~12:00,,,,053-959-0331,2021-07-19
안영안과의원,영업중,대구광역시 북구 동북로 172,대구광역시 북구 산격3동 1260-9/산격대우APT 맞은편,35.89890874,128.6112825,09:30~18:00,09:30~18:00,09:30~18:00,09:30~12:00,09:30~18:00,09:30~13:00,,,,053-959-7575,2021-07-19
안영호소아과의원,영업중,대구광역시 북구 대천로 91,대구광역시 북구 동천동 931-4(2층)/센트럴파크~화성3차아파트,35.93716525,128.5592471,09:00~18:30,09:00~18:30,13:00~20:30,09:00~18:30,09:00~18:30,09:00~14:00,,,,053-326-7501,2021-07-19
앤유의원,영업중,"대구광역시 북구 옥산로 95, 화인탑펠리스 501~503호 (칠성동2가)",,35.88463221,128.5859361,10:00~19:00,10:00~19:00,10:00~19:00,10:00~19:00,10:00~19:00,10:00~16:00,,,,053-721-7874,2021-07-19
에스비뇨기과의원,영업중,"대구광역시 북구 학정로 416, 203호 (구암동)",대구광역시 북구 구암동 769-3/칠곡3지구 보석사우나 2층,35.94178567,128.5637798,09:00~19:00,09:00~19:00,09:00~19:00,09:00~19:00,09:00~19:00,09:00~16:00,,09:00~13:00,,053-325-0075,2021-07-19
에이연합정형외과의원,영업중,대구광역시 북구 연암로 135-2,,35.89677591,128.5949899,09:00~19:30,09:00~19:00,09:00~19:30,09:00~19:30,09:00~19:30,09:00~13:00,,09:00~13:00,,053-944-0119,2021-07-19
연세고운의원,영업중,"대구광역시 북구 내곡로 34, 301호 (사수동)",,35.89864723,128.5098478,09:30~19:00,09:30~21:00,09:30~19:00,09:30~21:00,09:30~19:00,09:30~14:00,,,,053-324-1103,2021-07-19
연세연합의원,영업중,대구광역시 북구 연암로 170 (산격동),대구광역시 북구 산격동 748-10,35.89956499,128.5964103,08:30~18:50,08:30~18:50,08:30~18:50,08:30~18:50,08:30~18:50,08:30~16:00,,08:30~12:30,,053-941-1151,2021-07-19
열린이비인후과의원,영업중,대구광역시 북구 호국로 219,대구광역시 북구 서변동 1786 대성빌딩 2층/롯데리아 2층,35.92137614,128.5988379,09:30~18:30,09:30~18:30,09:30~18:30,09:30~18:30,09:30~18:30,09:30~12:30,,,,053-951-8275,2021-07-19
영남속시원내과의원,영업중,대구광역시 북구 침산로 128,대구광역시 북구 침산2동 248-5/침산네거리,35.88764838,128.5917905,09:00~18:30,09:00~18:30,09:00~18:30,09:00~18:30,09:00~18:30,09:00~13:00,,,,053-355-3575,2021-07-19
영대연합안과의원,영업중,"대구광역시 북구 침산남로 154, 6층 (침산동)",대구광역시 북구 침산2동265-11 신한은행 침산동지점 6층,35.88784255,128.5923001,09:00~18:30,09:00~18:30,09:00~18:30,09:00~18:30,09:00~18:30,09:00~14:00,,,,053-356-1030,2021-07-19
영이비인후과의원,영업중,대구광역시 북구 복현로 71,,35.89882686,128.6221923,09:00~19:00,09:00~19:00,09:00~19:00,09:00~19:00,09:00~19:00,09:00~16:00,,09:00~13:00,,053-956-2323,2021-07-19
예사랑소아청소년과의원,영업중,"대구광역시 북구 동변로 24, 222/201 (동변동,유니버시아드선수촌2단지)",대구광역시 북구 동변동 682/유니버시아드선수촌 입구,35.91654843,128.6026527,09:00~18:30,09:00~18:30,09:00~18:30,09:00~18:30,09:00~18:30,09:00~13:30,,,,053-954-8275,2021-07-19
예스연합비뇨기과의원,영업중,"대구광역시 북구 동북로 160, 6층 (산격동)",,35.89928718,128.6102092,09:00~19:00,09:00~19:00,09:00~19:00,09:00~19:00,09:00~19:00,09:00~14:00,,09:00~13:00,,053-941-7766,2021-07-19
예원소아청소년과의원,영업중,"대구광역시 북구 대현남로6길 29, 2층 (대현동)",,35.88015765,128.6101407,09:00~18:30,09:00~18:30,09:00~18:30,09:00~18:30,09:00~18:30,09:00~13:00,,,,053-953-0405,2021-07-19
예일연합의원,영업중,"대구광역시 북구 호국로 219, 205호 (서변동, 대성골든프라자)",대구광역시 북구 서변동 1786 대성골든플라자2층/서변온천부근,35.92135089,128.5989131,09:30~18:00,09:30~18:00,09:30~18:00,09:30~18:00,09:30~18:00,09:30~13:00,,,,053-943-8003,2021-07-19
오내과의원,영업중,대구광역시 북구 노원로 20,대구광역시 북구 노원3가 728/만평로타리 맞은편,35.89109358,128.5652234,09:00~19:30,09:00~19:30,09:00~19:30,09:00~19:30,09:00~19:30,09:00~17:00,,09:00~13:00,,053-341-7575,2021-07-19
오즈소아청소년과의원,영업중,"대구광역시 북구 동북로 163, 201동 211호 (산격동,격대우아파트상가 )",대구광역시 북구 산격2동 500-1(산격대우@상가),35.89948292,128.6112542,09:00~18:00,09:00~18:00,09:00~18:00,09:00~13:00,09:00~18:00,09:00~14:00,,,,053-242-7575,2021-07-19
오케이연합정형외과의원,영업중,"대구광역시 북구 칠곡중앙대로 435, 1,4층 (관음동)",,35.93463926,128.5483165,09:00~18:30,09:00~18:30,09:00~18:30,09:00~18:30,09:00~18:30,09:00~15:20,,,,053-217-0911,2021-07-19
우리내과의원,영업중,"대구광역시 북구 칠성로 75, 1층 (칠성동2가)",대구광역시 북구 칠성2가 373-15/경명여고인근(광명맨션 옆),35.87918602,128.5975369,09:00~18:00,09:00~18:00,09:00~18:00,09:00~18:00,09:00~18:00,09:00~12:30,,09:00~12:30,,053-425-8209,2021-07-19
우리아이소아청소년과의원,영업중,"대구광역시 북구 호국로43길 25, 2층일부 (서변동)",대구광역시 북구 서변동 1751-17번지(2층)/무태동사무소 맞은편,35.92101149,128.5963848,09:00~18:30,09:00~18:30,09:00~18:30,09:00~18:30,09:00~18:30,09:00~13:00,,,,053-955-7582,2021-07-19
우리연합내과의원,영업중,"대구광역시 북구 내곡로 38, 2층 201호,202호 (사수동)",,35.89898903,128.5098986,09:00~19:00,09:00~19:00,09:00~19:00,09:00~19:00,09:00~19:00,09:00~14:00,,09:00~13:00,,053-322-1166,2021-07-19
원마취통증의학과의원,영업중,"대구광역시 북구 침산로 124, 4층 (침산동)",,35.88729112,128.591752,10:00~20:00,10:00~20:00,10:00~20:00,10:00~20:00,10:00~20:00,10:00~13:00,,,,053-269-7575,2021-07-19
윤내과의원,영업중,대구광역시 북구 태전로 3 (태전동),,35.92071054,128.5458561,09:00~18:30,09:00~18:30,09:00~16:00,09:00~18:30,09:00~18:30,09:00~13:00,,,,053-311-9009,2021-07-19
윤영팔안과의원,영업중,대구광역시 북구 칠곡중앙대로 389,대구광역시 북구 칠곡중앙대로 389 (태전동),35.93047253,128.5477478,09:30~18:20,09:30~18:20,09:30~18:20,09:30~18:20,09:30~18:20,09:30~12:30,,,,053-321-3880,2021-07-19
윤정수연합내과의원,영업중,"대구광역시 북구 팔거천동로 223, 2층,3층 (동천동, 수정빌딩)",대구광역시 북구 동천동 951-2 수정빌딩2층/칠곡홈플러스뒤 통계청옆,35.94398064,128.5579181,09:00~18:00,09:00~18:00,09:00~18:00,09:00~12:30,09:00~18:00,09:00~12:00,,,,053-326-0006,2021-07-19
이명수정형외과의원,영업중,"대구광역시 북구 학정로106길 10, 1,4층 (학정동)",,35.95175477,128.5665734,09:00~19:00,09:00~19:00,09:00~19:00,09:00~19:00,09:00~19:00,09:00~13:00,,,,053-325-7187,2021-07-19
이병찬산부인과의원,영업중,대구광역시 북구 팔달로 157,대구광역시 북구 노원3가 765-8/팔달시장->만평네거리,35.88911179,128.5673815,09:30~17:30,09:30~17:30,09:30~17:30,09:30~17:30,09:30~17:30,09:30~12:30,,09:30~12:30,,053-353-3322,2021-07-19
이상재정형외과의원,영업중,대구광역시 북구 대천로 87 (동천동),,35.93717414,128.5588395,09:00~18:30,09:00~18:30,09:00~18:30,09:00~18:30,09:00~18:30,09:00~13:30,,,,053-311-7575,2021-07-19
이성형이비인후과의원,영업중,"대구광역시 북구 칠곡중앙대로 396, (태전동)",대구광역시 북구 태전동 995-8/칠곡지하도 인근,35.931,128.5484222,09:20~18:30,09:20~18:30,09:20~18:30,09:20~18:30,09:20~18:30,09:20~12:30,,09:20~12:30,,053-322-7705,2021-07-19
이순자소아청소년과의원,영업중,"대구광역시 북구 한강로6길 14-1, 2층 (사수동)",,35.89608834,128.5149691,09:00~18:30,09:00~18:30,09:00~18:30,09:00~18:30,09:00~18:30,09:00~13:00,,,,053-323-7275,2021-07-19
이승철내과의원,영업중,"대구광역시 북구 동북로 162, 4층, 5층 (산격동)","대구광역시 북구 산격동 1260-3 4층, 5층 (산격동)",35.89925604,128.6103813,08:30~18:00,08:30~18:00,08:30~18:00,08:30~18:00,08:30~18:00,07:30~15:00,,,,053-959-3337,2021-07-19
이승표내과의원,영업중,"대구광역시 북구 대현로 99, (대현동)",대구광역시 북구 대현1동 155-7/대현119안전센터 인근,35.88256457,128.6098728,09:00~17:30,09:00~17:30,09:00~17:30,09:00~17:30,09:00~17:30,09:00~12:30,,,,053-952-3324,2021-07-19
이원기연합내과의원,영업중,대구광역시 북구 구암로 135,대구광역시 북구 동천동 878/칠곡2지구 대구은행 맞은편,35.93204613,128.5556853,09:00~18:00,09:00~18:00,09:00~18:00,09:00~18:00,09:00~18:00,09:00~13:00,,,,053-324-3535,2021-07-19
이재봉신경과의원,영업중,대구광역시 북구 침산로 128 (침산동),대구광역시 북구 침산동 248-5,35.88742865,128.5920519,09:00~18:00,09:00~18:00,09:00~18:00,09:00~18:00,09:00~18:00,09:00~14:00,,,,053-353-0007,2021-07-19
이재춘내과의원,영업중,대구광역시 북구 칠곡중앙대로 497,대구광역시 북구 관음동 1383-5 2층/동아백화점강북점->안동,35.94002139,128.5496714,08:30~18:30,08:30~18:30,08:30~18:30,08:30~18:30,08:30~18:30,08:30~14:00,,,,053-322-7682,2021-07-19
이정재이비인후과의원,영업중,"대구광역시 북구 구암로 136, 2층 (구암동)",대구광역시 북구 구암동 649 / 대구은행구암지점 - 10m,35.93159979,128.5556366,09:00~19:00,09:00~19:00,09:00~19:00,09:00~19:00,09:00~19:00,09:00~14:30,,09:00~13:00,,053-325-0566,2021-07-19
이종현내과의원,영업중,대구광역시 북구 경진로1길 42,대구광역시 북구 복현1동 424-4/복현소방서 건너 골목안,35.89491877,128.6171688,09:00~18:30,09:00~18:30,09:00~18:30,09:00~18:30,09:00~18:30,09:00~13:00,,09:00~13:00,,053-955-8275,2021-07-19
이춘희산부인과의원,영업중,대구광역시 북구 동암로 2,대구광역시 북구 읍내동 519-2,35.94677898,128.5519753,09:30~18:00,09:30~18:00,09:30~18:00,09:30~19:30,09:30~18:00,09:30~13:00,,,,053-324-7686,2021-07-19
이택세소아과의원,영업중,대구광역시 북구 호암로 20,대구광역시 북구 칠성2가 127/성광우방타운,35.88202646,128.5933346,09:30~18:30,09:30~18:30,09:30~18:30,09:30~18:30,09:30~18:30,09:30~13:00,,09:30~13:00,,053-357-2791,2021-07-19
이편한속내과의원,영업중,"대구광역시 북구 팔달로 149, 3층 (노원동3가)",,35.88936874,128.5664293,09:00~19:00,09:00~19:00,09:00~19:00,09:00~19:00,09:00~19:00,09:00~15:30,,09:00~13:00,,053-355-7577,2021-07-19
인성신경과의원,영업중,대구광역시 북구 칠곡중앙대로 537 (읍내동),,35.94363943,128.5505797,08:30~18:00,08:30~18:00,08:30~18:00,08:30~18:00,08:30~18:00,08:30~13:00,,09:00~13:00,,053-323-0018,2021-07-19
인재의원,영업중,"대구광역시 북구 동북로 144, (산격동)",대구광역시 북구 산격4동1207-27/대구아파트 앞,35.90044722,128.608525,08:00~19:00,08:00~19:00,08:00~19:00,08:00~19:00,08:00~19:00,08:00~18:00,,08:00~17:00,,053-942-3009,2021-07-19
임연수소아과의원,영업중,대구광역시 북구 구암로 142,대구광역시 북구 구암동 649-3/농업기반공사 인근,35.93151631,128.5562377,09:00~19:00,09:00~19:00,09:00~19:00,09:00~19:00,09:00~19:00,09:00~14:00,,09:00~13:00,,053-326-2040,2021-07-19
장시원속시원내과의원,영업중,"대구광역시 북구 구암로 17, 209호 (관음동, 한양수정아파트 )",,35.93411327,128.5435329,09:00~19:00,09:00~20:00,09:00~19:00,09:00~19:00,09:00~19:00,09:00~14:00,,09:00~13:00,,053-323-6696,2021-07-19
장영식가정의학과의원,영업중,대구광역시 북구 호암로 30,대구광역시 북구 칠성2가 378-26(2층)/칠성동삼성아파트 입구,35.88233694,128.5938413,09:00~19:00,09:00~19:00,09:00~13:00,09:00~19:00,09:00~19:00,09:00~13:00,,09:00~13:00,,053-341-7588,2021-07-19
장원내과의원,영업중,"대구광역시 북구 동변로 91, 2층 (동변동)",대구광역시 북구 동변동 669-4 2층/동변초등학교 정문,35.92106638,128.6030829,09:00~19:00,09:00~19:00,09:00~19:00,09:00~19:00,09:00~19:00,09:00~13:00,,,,053-958-7214,2021-07-19
장의원,영업중,대구광역시 북구 검단동로4길 19-1,대구광역시 북구 검단동 1163/검단동주민센터 인근,35.91393294,128.6275561,09:00~19:00,09:00~19:00,09:00~19:00,09:00~19:00,09:00~19:00,09:00~16:00,,,,053-383-7585,2021-07-19
전경숙산부인과의원,영업중,"대구광역시 북구 팔달로 175, 3층 일부 (노원동3가)",대구광역시 북구 노원3가 781-2/팔달시장입구(구.금성예식장건너),35.88883056,128.5693028,09:00~18:00,09:00~18:00,09:00~13:00,09:00~20:30,09:00~18:00,09:00~14:00,,09:00~13:00,,053-352-3003,2021-07-19
전내과의원,영업중,"대구광역시 북구 침산남로 50, 2층 (노원동1가)",대구광역시 북구 노원1가 2-6/오봉오거리->원대오거리,35.88934693,128.5810782,09:00~18:30,09:00~18:30,09:00~18:30,09:00~18:30,09:00~18:30,09:00~13:00,,,,053-355-3377,2021-07-19
전석구내과의원,영업중,"대구광역시 북구 동북로 297, (복현동)",대구광역시 북구 복현2동 364-1 복현빌딩2층,35.892475,128.6225472,09:00~18:00,09:00~18:00,09:00~18:00,09:00~13:00,09:00~18:00,09:00~13:00,,,,053-957-6514,2021-07-19
전춘배정형외과의원,영업중,대구광역시 북구 칠성로 62,,35.87918947,128.5960681,09:00~18:00,09:00~18:00,09:00~18:00,09:00~18:00,09:00~18:00,09:00~13:00,,,,053-421-7582,2021-07-19
정다운산부인과의원,영업중,대구광역시 북구 학정로 419 (동천동),대구광역시 북구 동천동 912-2 동천동빌딩,35.94210828,128.5630365,09:30~19:00,09:30~19:00,09:30~19:00,09:30~19:00,09:30~19:00,09:30~13:00,,,,053-313-7005,2021-07-19
정연합제통외과의원,영업중,대구광역시 북구 대현로 95,대구광역시 북구 대현동 202-7,35.88264197,128.6096333,09:00~18:30,09:00~18:30,09:00~18:30,09:00~18:30,09:00~18:30,09:00~13:00,,,,053-954-5588,2021-07-19
정우연합외과의원,영업중,대구광역시 북구 동암로 2 (읍내동),,35.94675404,128.5519527,09:00~18:00,09:00~18:00,09:00~18:00,09:00~18:00,09:00~18:00,09:00~13:00,,09:00~13:00,,053-322-0075,2021-07-19
정태훈내과의원,영업중,대구광역시 북구 중앙대로 522 (칠성동2가),,35.87953333,128.5960139,08:30~18:00,08:30~18:00,08:30~13:00,08:30~18:00,08:30~18:00,08:30~13:00,,,,053-425-5678,2021-07-19
제일내과의원,영업중,대구광역시 북구 동북로 146,대구광역시 북구 산격동 1207-43/산격대우아파트 맞은편,35.90017811,128.6088184,09:00~18:00,09:00~18:00,09:00~18:00,09:00~18:00,09:00~18:00,09:00~13:00,,,,053-959-0532,2021-07-19
제일연합정형외과의원,영업중,"대구광역시 북구 침산남로 176, 1,2,5,6층 (침산동)",,35.88736737,128.5946991,09:00~19:00,09:00~19:00,09:00~19:00,09:00~19:00,09:00~19:00,09:00~13:00,,,,053-215-0022,2021-07-19
제일조은정형외과의원,영업중,"대구광역시 북구 신암로 27 (칠성동1가, 1층 일부, 4층 일부)",,35.87515382,128.605434,08:00~18:00,08:00~18:00,08:00~18:00,08:00~18:00,08:00~18:00,08:00~13:00,08:00~13:00,08:00~13:00,"1,2,3,4,5",053-431-8288,2021-07-19
조은이비인후과의원,영업중,"대구광역시 북구 매전로 78, 2층 (태전동)",대구광역시 북구 매천동 1125번지/매천휴먼시아1단지상가 맞은편,35.91264111,128.5468867,09:00~18:30,09:00~18:30,09:00~18:30,09:00~18:30,09:00~18:30,09:00~13:00,,09:00~13:00,,053-314-7577,2021-07-19
조재영이비인후과의원,영업중,대구광역시 북구 침산로 128,대구광역시 북구 침산동 248-5(3층)/침산소방서네거리,35.88762652,128.5918078,09:15~18:00,09:15~18:00,09:15~18:00,09:15~18:00,09:15~18:00,09:15~13:00,,,,053-356-3775,2021-07-19
준이비인후과의원,영업중,대구광역시 북구 침산남로 138,대구광역시 북구 침산3동 260-11번지 SK빌딩 2층,35.88814226,128.5906974,09:00~18:30,09:00~18:30,09:00~18:30,09:00~18:30,09:00~18:30,09:00~16:00,,09:00~13:00,,053-354-7582,2021-07-19
중앙연합정형외과가정의학과의원,영업중,"대구광역시 북구 옥산로 95, 화인탑펠리스 5층 403, 404호 (칠성동2가)",,35.88464314,128.5859275,09:00~19:00,09:00~19:00,09:00~19:00,09:00~19:00,09:00~19:00,09:00~14:00,,,,053-356-8899,2021-07-19
진가정의학과의원,영업중,"대구광역시 북구 영송로 85, 3층 306호,307호 (태전동, 한신중앙아파트 상가)",대구광역시 북구 태전동 936-1 한신중앙아파트상가(대구은행2층)/칠곡네거리->칠곡IC방향,35.93326886,128.544168,09:00~19:00,09:00~19:00,09:00~19:00,09:00~19:00,09:00~19:00,09:00~13:00,,09:00~13:00,,053-322-4101,2021-07-19
참든든한마취통증의학과의원,영업중,"대구광역시 북구 동북로 168, 4층 (산격동)",,35.89905021,128.6108447,08:30~18:30,08:30~18:30,08:30~18:30,08:30~18:30,08:30~18:30,08:30~12:30,,,,053-945-7200,2021-07-19
참빛연합의원,영업중,"대구광역시 북구 침산남로44길 45-6, 2층 (침산동, 한우아파트)",,35.88370123,128.5988649,09:00~19:00,09:00~19:00,09:00~19:00,09:00~19:00,09:00~19:00,09:00~13:00,,,,053-254-2363,2021-07-19
참이비인후과의원,영업중,"대구광역시 북구 침산남로 154, 401호 (침산동)",,35.88784648,128.5922769,09:00~19:00,09:00~19:00,09:00~19:00,09:00~19:00,09:00~19:00,09:00~15:00,,,,053-351-8851,2021-07-19
참재활의학과의원,영업중,"대구광역시 북구 침산로 168, 5층 502, 503호 (침산동)",,35.89119195,128.5906119,09:00~19:00,09:00~19:00,09:00~19:00,09:00~19:00,09:00~19:00,09:00~14:00,,,,053-357-0033,2021-07-19
참좋은정형외과의원,영업중,대구광역시 북구 팔달로 135 (노원동3가),,35.88954356,128.5649089,09:30~18:30,09:30~18:30,09:30~18:30,09:30~18:30,09:30~18:30,09:30~13:00,,09:30~15:00,,053-357-4975,2021-07-19
참피부과의원,영업중,"대구광역시 북구 학정로 415, 304호 (동천동)",,35.94181696,128.5629864,09:30~18:30,09:30~18:30,09:30~13:00,09:30~18:30,09:30~18:30,09:30~14:00,,,,053-314-7585,2021-07-19
추동호정신과의원,영업중,"대구광역시 북구 검단로 3, (산격동)",대구광역시 북구 산격2동 492-47/복현오거리,35.89800199,128.6147694,14:00~19:00,09:30~19:00,14:00~19:30,09:30~19:00,09:30~19:00,09:30~13:00,,,,053-383-2800,2021-07-19
칠곡경대연합마취통증의학과의원,영업중,"대구광역시 북구 칠곡중앙대로 404, 6층 (태전동, 메디파크빌딩)",,35.93174913,128.5486029,09:00~19:00,09:00~19:00,09:00~19:00,09:00~19:00,09:00~19:00,09:00~15:00,,09:00~13:00,,053-313-2523,2021-07-19
칠곡경대정신건강의학과의원,영업중,"대구광역시 북구 칠곡중앙대로 393, 2층 (태전동)",,35.93090054,128.547814,09:30~18:00,09:30~18:00,09:30~18:00,09:30~18:00,09:30~18:00,09:30~13:30,,,,053-321-9800,2021-07-19
칠곡대구안과의원,영업중,대구광역시 북구 학정로 50 (태전동),대구광역시 북구 태전동 1112,35.91325291,128.5480817,09:00~18:30,09:00~18:30,09:00~18:30,09:00~18:30,09:00~18:30,09:00~15:00,,09:00~13:00,,053-358-7575,2021-07-19
칠곡대신의원,영업중,대구광역시 북구 팔거천동로 38 (구암동),,35.92808333,128.5528167,08:40~19:30,08:40~19:30,08:40~19:30,08:40~12:00,08:40~19:30,08:40~16:30,08:40~13:00,08:40~13:00,"2,3,4,5",053-321-5957,2021-07-19
칠곡동아정신건강의학과의원,영업중,"대구광역시 북구 칠곡중앙대로 428, 4층 (읍내동)",대구광역시 북구 읍내동 1343-2/동아백화점 칠곡점->안동,35.93390996,128.5489597,09:00~18:00,09:00~18:00,09:00~13:00,09:00~18:00,09:00~18:00,09:00~13:00,,,,053-325-7582,2021-07-19
칠곡명안과의원,영업중,대구광역시 북구 학정로 429 (동천동),대구광역시 북구 동천동 896-5 로데오프라자,35.94308284,128.5632108,09:00~18:30,09:00~18:30,09:00~18:30,09:00~18:30,09:00~18:30,09:00~13:00,,,,053-314-8275,2021-07-19
칠곡바른정형외과의원,영업중,대구광역시 북구 구암로 149,대구광역시 북구 동천동 877-1,35.93195849,128.5571638,09:00~18:30,09:00~18:30,09:00~18:30,09:00~18:30,09:00~18:30,09:00~13:00,,09:00~13:00,,053-321-9575,2021-07-19
칠곡속내과의원,영업중,"대구광역시 북구 팔거천동로 222, 동천 메디빌 빌딩 2층 202,203일부호 (동천동)",,35.94365033,128.5586391,09:00~19:00,09:00~19:00,09:00~19:00,09:00~19:00,09:00~19:00,09:00~14:00,,,,053-327-0300,2021-07-19
칠곡연합정신건강의학과의원,영업중,"대구광역시 북구 칠곡중앙대로 400, 2층 (태전동)",,35.93140399,128.548533,09:30~18:00,09:30~18:00,09:30~18:00,09:30~18:00,09:30~18:00,09:30~13:00,,,,053-323-5831,2021-07-19
칠곡제이스성형외과의원,영업중,대구광역시 북구 칠곡중앙대로 411,대구광역시 북구 태전동 940번지/칠곡동아백화점 대각선건너편,35.93250968,128.5479825,10:00~18:00,10:00~18:00,10:00~18:00,10:00~18:00,10:00~18:00,10:00~15:00,,,,053-313-6767,2021-07-19
칠곡중앙의원,영업중,"대구광역시 북구 칠곡중앙대로 299, 2층 (태전동)",,35.92227009,128.5465113,09:00~19:00,09:00~19:00,09:00~19:00,09:00~19:00,09:00~19:00,09:00~13:00,,,,053-323-0090,2021-07-19
칠곡킴스연합의원,영업중,"대구광역시 북구 관음중앙로 167, 2층 (읍내동)",대구광역시 북구 읍내동 663-0/칠곡초등학교 맞은편,35.94504255,128.5505024,09:30~18:00,09:30~18:00,09:30~18:00,09:30~18:00,09:30~18:00,09:30~13:00,,,,053-322-2100,2021-07-19
칠곡파티마마취통증의학과의원,영업중,대구광역시 북구 칠곡중앙대로 481,대구광역시 북구 관음동 1383-15(2층)/아시랑네거리,35.93864325,128.5492057,09:00~18:30,09:00~18:30,09:00~13:00,09:00~18:30,09:00~18:30,09:00~13:00,,09:00~13:00,,053-323-6966,2021-07-19
칠곡피부과의원,영업중,"대구광역시 북구 칠곡중앙대로 428, 2층,3층 (읍내동)",대구광역시 북구 읍내동 1343-2(2층)/칠곡동아백화점 인근,35.93376389,128.5488972,09:00~18:00,09:00~18:00,09:00~18:00,09:00~18:00,09:00~18:00,09:00~13:00,,,,053-326-1111,2021-07-19
칠곡한마음연합소아과의원,영업중,"대구광역시 북구 칠곡중앙대로 402, 2층 (태전동)",,35.93151389,128.5485306,09:00~18:30,09:00~18:30,09:00~18:30,09:00~18:30,09:00~18:30,09:00~16:00,,09:00~16:00,,053-325-8275,2021-07-19
침산올바른마취통증의학과의원,영업중,"대구광역시 북구 침산로 144, 3층 (침산동)",,35.88925879,128.5915123,09:00~19:00,09:00~19:00,09:00~19:00,09:00~19:00,09:00~19:00,09:00~13:00,,,,053-267-7373,2021-07-19
침산제일내과의원,영업중,대구광역시 북구 침산로 138,,35.88873661,128.5918167,09:00~18:30,09:00~18:30,09:00~18:30,09:00~18:30,09:00~18:30,09:00~13:00,,,,053-341-0600,2021-07-19
코아이비인후과의원,영업중,"대구광역시 북구 동북로 172, 6층 (산격동)",대구광역시 북구 산격동 1260-9 태호빌딩6층,35.89885398,128.6113346,09:00~19:00,09:00~19:00,09:00~19:00,09:00~19:00,09:00~19:00,09:00~14:00,,,,053-954-7585,2021-07-19
큰사랑연합의원,영업중,"대구광역시 북구 태전로 1, 101동 202호 (태전동, 태전역 더 뉴클래스)",,35.92033433,128.5459507,09:00~18:30,09:00~18:30,09:00~18:30,09:00~18:30,09:00~18:30,09:00~13:00,,,,053-322-7545,2021-07-19
킴스건강내과외과의원,영업중,대구광역시 북구 침산남로 23 (노원동1가),,35.88876054,128.5787406,09:00~18:00,09:00~18:00,09:00~18:00,09:00~18:00,09:00~18:00,09:00~13:00,,,,053-353-1313,2021-07-19
태전마취통증의학과의원,영업중,"대구광역시 북구 학정로 38, (태전동)",대구광역시 북구 학정로 38(태전동),35.91325024,128.5468763,09:30~18:00,09:30~18:00,09:30~18:00,09:30~18:00,09:30~18:00,09:30~13:00,,,,053-312-2266,2021-07-19
태전삼성연합의원,영업중,대구광역시 북구 학정로 50 (태전동),대구광역시 북구 태전동 1112,35.91321716,128.5480589,09:00~20:30,09:00~20:30,09:00~20:30,09:00~20:30,09:00~20:30,09:00~15:00,,,,053-327-3119,2021-07-19
태전정형외과연합의원,영업중,"대구광역시 북구 칠곡중앙대로 302, 1층 (태전동)",,35.92257342,128.5470878,09:00~19:00,09:00~19:00,09:00~19:00,09:00~19:00,09:00~19:00,09:00~15:30,,09:00~13:00,,053-324-7585,2021-07-19
튼튼소아과의원,영업중,"대구광역시 북구 대천로 94, 2층일부 (동천동)",대구광역시 북구 동천동 934-5(2층)/칠곡농협 동천지점옆,35.93661701,128.5593265,09:00~19:00,09:00~19:00,09:00~19:00,09:00~19:00,09:00~19:00,09:00~14:00,,,,053-313-0297,2021-07-19
파티마연합마취통증의학과의원,영업중,"대구광역시 북구 팔달로35길 11, 2층 (노원동3가)",,35.88886579,128.5693833,09:00~19:00,09:00~19:00,09:00~19:00,09:00~19:00,09:00~19:00,09:00~13:00,,09:00~13:00,,053-351-7595,2021-07-19
파티마연합의원,영업중,"대구광역시 북구 칠곡중앙대로 450, 4층 402,403호 (읍내동)",,35.93590785,128.5494452,08:30~18:00,08:30~18:00,08:30~18:00,08:30~18:00,08:30~18:00,08:30~16:00,,08:30~13:00,,053-312-6500,2021-07-19
푸른연합의원,영업중,대구광역시 북구 학정동로 45,대구광역시 북구 학정동 976-1 2층,35.94791153,128.5671891,09:00~19:00,09:00~19:00,09:00~19:00,09:00~19:00,09:00~19:00,09:00~14:00,,,,053-321-0006,2021-07-19
프라임강북점의원,영업중,"대구광역시 북구 학정로 419, 동천동빌딩 5층 502,503호 (동천동)",,35.94390994,128.5633601,09:00~18:30,09:00~18:30,09:00~18:30,09:00~18:30,09:00~18:30,09:00~16:00,,09:00~13:00,,053-326-5901,2021-07-19
프라임산부인과의원,영업중,"대구광역시 북구 학정로 416, 3층 (구암동)",,35.94387802,128.5633195,09:00~18:30,09:00~18:30,09:00~18:30,09:00~18:30,09:00~18:30,09:00~16:00,,09:00~13:00,,053-326-5900,2021-07-19
필연합의원,영업중,대구광역시 북구 침산로 144,대구광역시 북구 침산2동 285-5 화성투엠빌딩 A동 5층/침산네거리인근(명성푸르지오 맞은편),35.88931321,128.5915536,09:00~18:00,09:00~18:00,09:00~18:00,09:00~18:00,09:00~20:30,,,,,053-357-8575,2021-07-19
필정신건강의학과의원,영업중,"대구광역시 북구 팔달로 195, 2층 (노원동2가)",대구광역시 북구 노원2가 372-4/금성예식장 맞은편,35.88849205,128.5713843,09:30~19:00,09:30~19:00,09:30~14:00,09:30~19:00,09:30~19:00,09:30~14:00,,,,053-351-1275,2021-07-19
하나연합정형외과의원,영업중,"대구광역시 북구 팔달로 225, 1층일부,2~5층 (노원동2가)",,35.88803052,128.5748196,09:00~18:00,09:00~18:00,09:00~18:00,09:00~18:00,09:00~18:00,09:00~12:00,,09:00~12:00,,053-358-7300,2021-07-19
한건호비뇨기과의원,영업중,"대구광역시 북구 팔달로 143, (노원동3가)",대구광역시 북구 노원3가 761-7/만평로타리->원대오거리,35.88943333,128.5658028,09:30~18:30,09:30~18:30,09:30~18:30,09:30~18:30,09:30~18:30,09:30~13:00,,,,053-352-6800,2021-07-19
한국건강관리협회건강증진의원,영업중,대구광역시 북구 팔달로 25 (노원동3가),,35.89224428,128.5540159,08:00~17:00,08:00~17:00,08:00~17:00,08:00~17:00,08:00~17:00,07:30~12:30,,,,053-350-9000,2021-07-19
한마음산부인과의원,영업중,대구광역시 북구 칠성시장로 10,대구광역시 북구 칠성1가 151-3/칠성시장버스정류소 우리은행부근,35.87530654,128.605065,09:30~18:30,09:30~18:30,09:30~18:30,09:30~18:30,09:30~18:30,09:30~12:30,,,,053-431-5050,2021-07-19
한마음연합의원,영업중,대구광역시 북구 복현로 90 (복현동),대구광역시 북구 복현동 137,35.89952071,128.6220602,09:30~18:30,09:30~18:30,09:30~18:30,09:30~18:30,09:30~18:30,09:30~15:00,,,,053-384-7582,2021-07-19
한영정형외과의원,영업중,대구광역시 북구 칠곡중앙대로 443 (관음동),대구광역시 북구 관음동 1402-4,35.9353783,128.548588,09:30~18:30,09:30~18:30,09:30~18:30,09:30~18:30,09:30~18:30,09:30~13:00,,,,053-322-0031,2021-07-19
행복한내과의원,영업중,대구광역시 북구 칠곡중앙대로 404 (태전동),,35.93177718,128.548602,08:45~18:30,08:45~18:30,08:45~18:30,08:45~18:30,08:45~18:30,08:45~13:00,,08:45~13:00,,053-326-7075,2021-07-19
행복한산부인과의원,영업중,"대구광역시 북구 팔달로 233, 지하1층~4층 (노원동2가)",대구광역시 북구 노원동2가 257-1/원대오거리->팔달시장,35.88795509,128.5754323,09:00~19:00,09:00~19:00,09:00~19:00,09:00~19:00,09:00~19:00,09:00~15:00,,,,053-358-2200,2021-07-19
현대안과의원,영업중,대구광역시 북구 학정로 421,대구광역시 북구 동천동 912-1 일도프라자(3층)/국민은행~신한은행 사이,35.94231492,128.5632223,09:00~18:30,09:00~18:30,09:00~18:30,09:00~18:30,09:00~18:30,09:00~13:30,,09:00~13:00,,053-312-7575,2021-07-19
현대연합외과의원,영업중,대구광역시 북구 칠곡중앙대로 504-1 (읍내동),,35.94063087,128.5505492,08:30~18:00,08:30~18:00,08:30~18:00,08:30~18:00,08:30~18:00,08:30~12:30,,,,053-324-0970,2021-07-19
현대연합정형외과의원,영업중,"대구광역시 북구 대현로 94, 1,4,5,6층 (대현동)",,35.88236545,128.6092866,09:00~18:00,09:00~18:00,09:00~18:00,09:00~18:00,09:00~18:00,09:00~13:00,,,,053-957-8275,2021-07-19
호동연합의원,영업중,"대구광역시 북구 관음중앙로28길 7, 2층 (관음동)",대구광역시 북구 관음동 1284-3(2층)/관음동사무소주차장 인근,35.94436944,128.5471722,09:30~18:30,09:30~18:30,09:30~18:30,09:30~18:30,09:30~18:30,09:30~13:00,,,,053-326-0081,2021-07-19
호성연합의원,영업중,"대구광역시 북구 매전로 14, 2층 (매천동)",,35.90849503,128.5435758,09:00~19:00,09:00~19:00,09:00~19:00,09:00~19:00,09:00~19:00,09:00~13:30,,09:00~13:00,,053-311-9096,2021-07-19
홍안과의원,영업중,"대구광역시 북구 침산로 138, 명성프라임 3층 301호 (침산동)",,35.88880707,128.5918709,09:00~18:30,09:00~18:30,09:00~18:30,09:00~18:30,09:00~18:30,09:00~13:00,,,,053-356-1040,2021-07-19
효제통마취통증의학과의원,영업중,대구광역시 북구 팔달로 157,대구광역시 북구 노원3가 765-8/팔달신시장입구->원대오거리,35.88923884,128.5673132,09:30~19:30,09:30~18:30,09:30~18:30,09:30~19:30,09:30~18:30,09:30~13:00,,,,053-358-0290,2021-07-19
강북라온치과병원,영업중,대구광역시 북구 칠곡중앙대로 449,대구광역시 북구 관음동 1402-1/삼성병원 맞은편,35.93578883,128.5486182,09:30~20:30,09:30~20:30,09:30~20:30,09:30~18:30,09:30~18:30,09:30~14:30,,,,053-311-1000,2021-07-19
라온치과병원,영업중,대구광역시 북구 대학로 153 (산격동),,35.8974256,128.6143624,10:00~20:00,10:00~20:00,10:00~20:00,10:00~20:00,10:00~18:00,10:00~14:00,,,,053-941-2875,2021-07-19
강북동산치과의원,영업중,대구광역시 북구 학정로 432,대구광역시 북구 구암동 765-4(3층),35.94321648,128.5640202,09:30~19:00,09:30~19:00,09:30~19:00,09:30~19:00,09:30~19:00,09:30~14:00,,,,053-326-2882,2021-07-19
강북리더스치과의원,영업중,대구광역시 북구 칠곡중앙대로 481 (관음동),,35.93867208,128.5492022,09:30~18:30,09:30~20:00,09:30~13:00,09:30~18:30,09:30~18:30,09:30~14:00,,,,053-325-5840,2021-07-19
강북치과의원,영업중,대구광역시 북구 칠곡중앙대로 516,대구광역시 북구 읍내동 945-0/칠곡신협2층,35.94156764,128.5507964,10:00~18:00,10:00~18:00,10:00~18:00,10:00~18:00,10:00~18:00,10:00~16:00,,,,053-324-8993,2021-07-19
강북퍼스트치과의원,영업중,"대구광역시 북구 학정로 440, 4층 404~405호 (구암동, 동재빌딩)",,35.94376472,128.5642532,09:30~21:00,09:30~19:00,09:30~19:00,14:00~21:00,09:30~19:00,09:30~14:00,,,,053-311-7528,2021-07-19
강북행복을심는치과의원,영업중,대구광역시 북구 대천로 93 (동천동),대구광역시 북구 동천동 931-5,35.93706749,128.5594728,09:30~18:30,09:30~20:30,09:30~18:30,09:30~18:30,09:30~18:30,09:30~12:30,,,,053-323-2875,2021-07-19
고른이치과의원,영업중,"대구광역시 북구 구암로 135, 5층(동천동,중앙빌딩)",대구광역시 북구 동천동 878번지(2층),35.93207213,128.5557492,09:30~18:30,09:30~18:30,09:30~18:30,09:30~18:30,09:30~18:30,08:00~16:00,,,,053-322-4321,2021-07-19
고마운치과의원,영업중,"대구광역시 북구 동암로 104, 5층 (동천동)",,35.94399095,128.5623826,09:30~19:00,09:30~20:30,09:30~19:00,14:00~20:30,09:30~19:00,09:30~14:00,,,,053-313-2080,2021-07-19
고영환치과의원,영업중,대구광역시 북구 검단로 3,대구광역시 북구 산격2동 492-47,35.89800804,128.6147419,10:00~18:00,10:00~18:00,10:00~18:00,10:00~14:00,10:00~18:00,10:00~13:00,,,,053-383-0421,2021-07-19
고운이치과의원,영업중,대구광역시 북구 동변로 91,대구광역시 북구 동변동 674-10 번지(2층),35.92096526,128.6031636,10:00~18:00,10:00~18:00,10:00~18:00,10:00~18:00,10:00~18:00,10:00~14:00,,,,053-955-2275,2021-07-19
고은치과의원,영업중,대구광역시 북구 중앙대로 522 (칠성동2가),,35.87955278,128.5958778,09:30~18:30,09:30~18:30,09:30~18:30,14:30~18:30,09:30~18:30,09:30~14:00,,,,053-421-1275,2021-07-19
권성현치과의원,영업중,"대구광역시 북구 동북로 163, 201-203 (산격동,대우아파트상가)",대구광역시 북구 산격2동 500-1 대우아파트상가,35.89954448,128.6110318,09:30~19:00,09:30~19:00,09:30~19:00,09:30~19:00,09:30~19:00,09:30~13:00,,,,053-383-8275,2021-07-19
권현치과의원,영업중,대구광역시 북구 동북로 268,대구광역시 북구 복현동 427의 10,35.89371626,128.6194745,09:30~18:30,09:30~18:30,09:30~18:30,09:30~18:30,09:30~18:30,09:30~13:00,,,,053-957-2477,2021-07-19
기쁨큰치과의원,영업중,"대구광역시 북구 침산로 168, 4층 403호 (침산동)",,35.89119195,128.5906119,10:00~19:00,10:00~19:00,10:00~19:00,10:00~19:00,10:00~19:00,10:00~14:00,,,,053-326-7500,2021-07-19
김동응치과의원,영업중,"대구광역시 북구 동북로 174, 3층일부 (산격동)",대구광역시 북구 산격3동 1261-1(3층),35.89875842,128.611656,09:40~17:00,09:40~17:00,09:40~17:00,09:40~17:00,09:40~17:00,09:40~13:00,,,,053-952-5754,2021-07-19
김명효치과의원,영업중,대구광역시 북구 대현로 93-1,대구광역시 북구 대현로 93-1 (대현동),35.88269839,128.6094573,09:30~18:30,09:30~18:30,09:30~18:30,09:30~18:30,09:30~18:30,09:30~13:00,,,,053-954-3332,2021-07-19
김민정치과의원,영업중,"대구광역시 북구 호암로 30, 3층일부 (칠성동2가)",대구광역시 북구 칠성2가 378-26번지(3층)/홈플러스부근 삼성아파트 입구,35.88245423,128.5938919,09:00~18:00,09:00~20:00,09:00~18:00,09:00~18:00,09:00~18:00,09:20~14:00,,,,053-359-0009,2021-07-19
김시형더좋은치과의원,영업중,"대구광역시 북구 침산남로 140, 602호 (침산동)",대구광역시 북구 침산동 363-7(2층),35.88939722,128.5868611,08:30~18:30,08:30~18:30,08:30~18:30,08:30~18:30,08:30~18:30,09:30~13:00,,,,053-356-2804,2021-07-19
김앤박치과의원,영업중,"대구광역시 북구 학정로 419, 동천동빌딩 402, 403호 (동천동)",,35.94211178,128.5630282,09:30~21:00,09:30~19:00,09:30~19:00,09:30~21:00,09:30~19:00,09:30~14:00,,,,053-323-2804,2021-07-19
김영숙치과의원,영업중,"대구광역시 북구 동북로 170, 4층 (산격동)",대구광역시 북구 산격동 1260-7(4층),35.89904406,128.6109862,10:00~18:30,10:00~18:30,10:00~18:30,10:00~18:30,10:00~18:30,10:00~14:00,,,,053-955-9508,2021-07-19
김우현치과의원,영업중,대구광역시 북구 칠곡중앙대로 404,대구광역시 북구 태전동 993-12번지(7층),35.93175882,128.5486283,09:30~18:00,09:30~18:00,09:30~18:00,09:30~18:00,09:30~18:00,09:30~13:00,,,,053-323-9132,2021-07-19
김종헌치과의원,영업중,"대구광역시 북구 노원로 20, (노원동3가)",대구광역시 북구 노원3가 728,35.89109575,128.5652208,09:30~18:00,09:30~18:00,09:30~18:00,09:30~18:00,09:30~18:00,09:30~13:00,,,,053-352-7227,2021-07-19
김진홍치과의원,영업중,대구광역시 북구 검단로 16,대구광역시 북구 복현2동 539-17,35.89915838,128.6155095,09:30~18:30,09:30~18:30,09:30~18:30,09:30~18:30,09:30~18:30,09:30~13:00,,,,053-381-2895,2021-07-19
김태완아이봄치과의원,영업중,"대구광역시 북구 침산남로 134, 3층 (침산동)",대구광역시 북구 침산동 260-1 3층,35.88822344,128.5902827,09:30~18:30,09:30~18:30,09:30~18:30,09:30~18:30,09:30~18:30,09:30~16:00,,,,053-358-7528,2021-07-19
노원치과의원,영업중,대구광역시 북구 노원로 90 (노원동3가),대구광역시 북구 노원동3가 1038-3,35.89483013,128.5716336,10:00~18:30,10:00~18:30,10:00~18:30,10:00~18:30,10:00~18:30,10:00~14:00,,,,053-351-6400,2021-07-19
다나치과의원,영업중,"대구광역시 북구 매전로 78, 2층 (태전동)",대구광역시 북구 태전동 1125 2층(태전동),35.91253995,128.5467495,09:30~19:00,09:30~19:00,09:30~19:00,09:30~20:30,09:30~19:00,09:30~14:00,,,,053-311-2275,2021-07-19
다니엘치과의원,영업중,대구광역시 북구 동천로24길 3 (동천동),,35.94208549,128.5609084,09:00~18:30,09:00~20:30,09:00~18:30,09:00~18:30,09:00~20:30,09:30~14:00,,,,053-314-2275,2021-07-19
다바른치과의원,영업중,"대구광역시 북구 침산로 152, 2층 (침산동, 메트로 캐슬)",,35.8898052,128.5910803,09:30~18:30,09:30~18:30,09:30~20:00,09:30~18:30,09:30~18:30,09:30~13:30,,,,053-716-2080,2021-07-19
다정한치과의원,영업중,대구광역시 북구 칠곡중앙대로 373,대구광역시 북구 태전동 1068번지,35.92913157,128.5474735,09:40~18:30,09:40~18:30,09:40~18:30,09:40~18:30,09:40~18:30,09:40~13:00,,,,053-326-2822,2021-07-19
대구리더스치과의원,영업중,"대구광역시 북구 동북로 156, 601호(산격동,스카이빌딩)",대구광역시 북구 동북로 156 스카이빌딩6층/대우아파트정문 맞은편 (산격3동),35.89958474,128.6097102,11:00~19:00,11:00~19:00,11:00~19:00,11:00~19:00,11:00~19:00,11:00~14:00,,,,053-955-2080,2021-07-19
대현탑치과의원,영업중,"대구광역시 북구 대현남로6길 20, 상가동 104~108호 (대현동, 대구대현엘에이치3단지)",대구광역시 북구 대현동 535 대구대현엘에이치3단지 상가104호,35.87942562,128.6099846,10:00~18:00,10:00~18:00,10:00~18:00,10:00~18:00,10:00~18:00,10:00~13:00,,,,053-953-1100,2021-07-19
동변사과나무치과의원,영업중,대구광역시 북구 동변로 24,대구광역시 북구 동변동 682 선수촌2단지,35.91644151,128.6018183,09:30~18:30,09:30~18:30,09:30~18:30,09:30~18:30,09:30~18:30,09:30~13:00,,,,053-953-2828,2021-07-19
동신치과의원,영업중,대구광역시 북구 동북로 163,대구광역시 북구 산격2동 500-1,35.89984572,128.6104907,10:00~18:00,10:00~18:00,10:00~18:00,10:00~18:00,10:00~18:00,10:00~13:00,,,,053-382-2875,2021-07-19
라이프치과의원,영업중,대구광역시 북구 대천로 91 (동천동),대구광역시 북구 동천동 931-4,35.9371327,128.5592553,09:30~18:30,09:30~18:30,09:30~21:00,14:00~21:00,09:30~18:30,09:30~13:00,,,,053-323-9911,2021-07-19
램브란트치과의원,영업중,"대구광역시 북구 침산남로 154, 5층 (침산동)",대구광역시 북구 침산동 265-11(5층)/침산네거리,35.88784571,128.5923334,09:30~18:30,09:30~18:30,09:30~18:30,09:30~18:30,09:30~18:30,09:30~14:30,,,,053-358-2875,2021-07-19
류경치과의원,영업중,대구광역시 북구 동북로65길 5,대구광역시 북구 복현2동 376-15,35.89155519,128.6257606,10:00~18:00,10:00~18:00,10:00~18:00,10:00~18:00,10:00~18:00,09:30~13:00,,,,053-957-2875,2021-07-19
만평치과의원,영업중,"대구광역시 북구 팔달로 141, (노원동3가)",대구광역시 북구 노원동3가 761-8,35.88939361,128.5656258,09:30~18:00,09:30~18:00,09:30~18:00,09:30~18:00,09:30~18:00,09:30~13:00,,,,053-355-1319,2021-07-19
메트로치과의원,영업중,"대구광역시 북구 대현남로6길 11, 4층 (대현동)",,35.88105085,128.608582,09:30~18:30,09:30~18:30,09:30~18:30,09:30~18:30,09:30~18:30,09:30~13:00,,,,053-959-7528,2021-07-19
문진치과의원,영업중,대구광역시 북구 복현로 71,대구광역시 북구 복현2동 137-1(3층),35.89892165,128.6223803,10:00~19:00,10:00~19:00,10:00~14:00,10:00~19:00,10:00~19:00,10:00~14:00,,,,053-382-3457,2021-07-19
미드미치과의원,영업중,대구광역시 북구 침산로 124 (침산동),대구광역시 북구 침산동 245-8,35.88732807,128.5917531,09:30~19:00,09:30~19:00,09:30~19:00,09:30~19:00,09:30~19:00,09:30~14:00,,,,053-351-8275,2021-07-19
미소가득한치과의원,영업중,"대구광역시 북구 학정로 421, 402,403호 (동천동)",대구광역시 북구 동천동 912번지 일도프라자4층,35.94237077,128.563086,09:30~19:00,09:30~19:00,09:30~19:00,09:30~21:00,09:30~19:00,09:30~14:00,,,,053-312-2875,2021-07-19
미소지움치과의원,영업중,대구광역시 북구 호국로 219,대구광역시 북구 서변동 1746-7번지(2층일부),35.92132203,128.5988413,09:30~19:00,09:30~19:00,09:30~19:00,14:00~20:00,09:30~19:00,09:30~14:00,,,,053-958-9580,2021-07-19
미소핀치과의원,영업중,"대구광역시 북구 복현로 105, 203호 (복현동, 태왕아너스 상가)",대구광역시 북구 복현2동 190-1 태왕아너스상가,35.89940168,128.6196611,10:00~19:00,10:00~19:00,10:00~19:00,10:00~19:00,10:00~19:00,10:00~13:30,,,,053-381-2875,2021-07-19
박대근치과의원,영업중,대구광역시 북구 대현로 96,대구광역시 북구 대현2동 407-12,35.88232952,128.6095472,09:30~18:30,09:30~18:30,09:30~18:30,09:30~18:30,09:30~18:30,09:30~13:00,,,,053-954-2875,2021-07-19
박대열치과의원,영업중,대구광역시 북구 칠곡중앙대로 225,대구광역시 북구 태전2동 496-7/칠곡로네거리~태전교 사이,35.91602686,128.5482022,09:00~16:00,09:00~16:00,09:00~16:00,09:00~16:00,09:00~16:00,09:00~13:00,,,,053-311-5824,2021-07-19
박병준치과의원,영업중,대구광역시 북구 칠곡중앙대로 424,대구광역시 북구 읍내동 1343-4/북대구축산농협3층,35.93347495,128.5488789,09:30~18:00,09:30~18:00,09:30~18:00,09:30~18:00,09:30~18:00,09:30~13:00,,,,053-322-2875,2021-07-19
박성근치과의원,영업중,대구광역시 북구 연암로 100-1,대구광역시 북구 산격1동 793-33/산격지구대~산격1동주민센터 사이,35.89361252,128.5943418,10:00~19:00,10:00~19:00,10:00~19:00,14:30~19:00,10:00~19:00,10:00~13:00,,,,053-955-7171,2021-07-19
배상배열린치과의원,영업중,"대구광역시 북구 칠곡중앙대로 455, 3층일부 (관음동)",대구광역시 북구 칠곡중앙대로 455(관음동),35.93637518,128.5487053,09:30~18:00,09:30~18:00,09:30~18:00,09:30~18:00,09:30~18:00,09:30~13:00,,,,053-326-2825,2021-07-19
베스트인치과의원,영업중,"대구광역시 북구 동북로 291, 502호 (복현동)",,35.89278121,128.622162,09:30~19:00,09:30~19:00,09:30~19:00,09:30~19:00,09:30~19:00,09:30~14:00,,,,053-939-2800,2021-07-19
벧엘치과의원,영업중,"대구광역시 북구 원대로 42-1, (고성동2가)",대구광역시 북구 고성2가 116-3번지,35.88122483,128.5810259,09:45~18:00,09:45~18:00,09:45~18:00,09:45~18:00,09:45~18:00,09:45~13:30,,,,053-355-7575,2021-07-19
보성치과의원,영업중,대구광역시 북구 침산남로 147,대구광역시 북구 침산2동 267-6/씨하우스옆,35.88855173,128.5921674,10:00~19:00,10:00~19:00,10:00~19:00,10:00~19:00,10:00~19:00,10:00~13:00,,,,053-356-2875,2021-07-19
복현순치과의원,영업중,"대구광역시 북구 동북로 345 (복현동, 복현푸르지오)",대구광역시 북구 복현동 694 복현푸르지오,35.89109178,128.6259106,09:30~20:00,09:30~18:30,09:30~18:30,14:00~20:00,09:30~18:30,09:30~13:00,,,,053-939-2080,2021-07-19
복현아름다운치과의원,영업중,"대구광역시 북구 동북로 290, 3층 (복현동)",대구광역시 북구 복현동 479-4번지 js빌딩(3층)/복현네거리,35.89233056,128.6214944,09:30~18:30,09:30~18:30,09:30~18:30,09:30~18:30,09:30~18:30,09:30~12:30,,,,053-955-7528,2021-07-19
복현이튼연합치과의원,영업중,대구광역시 북구 공항로 8,대구광역시 북구 복현동 200-2/복현오거리,35.89758262,128.6160889,09:30~18:00,09:30~18:00,09:30~18:00,09:30~18:00,09:30~18:00,09:30~13:00,,,,053-382-7528,2021-07-19
북대구치과의원,영업중,"대구광역시 북구 칠곡중앙대로 529, (읍내동)",대구광역시 북구 읍내동 781-5,35.94296667,128.5503917,09:00~18:00,09:00~18:00,09:00~18:00,09:00~18:00,09:00~18:00,09:00~12:00,,,,053-321-2875,2021-07-19
불꽃치과의원강북점,영업중,"대구광역시 북구 동암로 90, 4층 (동천동, 세븐밸리)",,35.94410779,128.5603281,10:00~19:00,10:00~20:30,10:00~19:00,10:00~20:30,10:00~19:00,10:00~14:30,,,,053-326-2879,2021-07-19
산격미담치과의원,영업중,대구광역시 북구 동북로 146,대구광역시 북구 산격4동 1207-43,35.90019996,128.6088011,09:30~17:00,09:30~17:00,09:30~13:00,09:30~17:00,09:30~17:00,09:30~13:00,,,,053-957-2080,2021-07-19
산격치과의원,영업중,대구광역시 북구 산격로 48,대구광역시 북구 산격3동 1410-41번지(2층),35.89483149,128.6053967,10:00~19:00,10:00~19:00,10:00~19:00,10:00~19:00,10:00~19:00,10:00~13:00,,,,053-959-3030,2021-07-19
서변치과의원,영업중,대구광역시 북구 호국로 215,대구광역시 북구 서변동 1787번지 대성골드프라자2차,35.92086444,128.5988276,09:30~18:00,09:30~18:00,09:30~16:30,09:30~18:00,09:30~18:00,09:30~13:00,,,,053-951-7275,2021-07-19
서춘교치과의원,영업중,대구광역시 북구 칠성시장로 41,대구광역시 북구 칠성동2가 267-3,35.87755021,128.6030508,10:00~18:00,10:00~18:00,10:00~18:00,10:00~18:00,10:00~18:00,10:00~13:00,,,,053-427-3905,2021-07-19
세란치과의원,영업중,"대구광역시 북구 칠곡중앙대로 386-1, 2층 (태전동)",대구광역시 북구 태전동 1003-5/대구과학대삼거리~칠곡네거리 사이,35.93018711,128.5483583,09:30~19:00,09:30~19:00,09:30~14:00,09:30~19:00,09:30~19:00,09:30~16:00,,,,053-322-0275,2021-07-19
세이안치과의원,영업중,"대구광역시 북구 원대로 80, 2층 (고성동3가)",,35.88457184,128.5820415,10:00~19:00,10:00~21:00,10:00~19:00,10:00~19:00,10:00~21:00,10:00~15:00,,,,053-354-0080,2021-07-19
센트럴치과의원,영업중,대구광역시 북구 침산로 138 (침산동),"대구광역시 북구 침산2동285-5,9/푸르지오->침산네거리",35.888825,128.5916972,10:00~18:30,10:00~18:30,10:00~18:30,10:00~18:30,10:00~18:30,10:00~13:00,,,,053-352-7528,2021-07-19
숲을보는치과의원,영업중,대구광역시 북구 대현남로6길 29 (대현동),대구광역시 북구 대현동 283-3,35.88002865,128.6101739,09:30~19:00,09:30~19:00,14:00~19:00,09:30~19:00,09:30~19:00,09:30~13:30,,,,053-719-2804,2021-07-19
신세계경치과의원,영업중,"대구광역시 북구 칠곡중앙대로 309, 4층 (태전동, 송림스포츠센타)",,35.92335193,128.5464659,09:00~17:00,09:00~17:00,09:00~17:00,09:00~17:00,09:00~17:00,09:00~12:00,,,,053-313-0127,2021-07-19
신용치과의원,영업중,"대구광역시 북구 칠성로 124, (칠성동1가)",대구광역시 북구 칠성1가 273-11번지,35.87738889,128.6030472,09:00~18:00,09:00~18:00,09:00~18:00,09:00~18:00,09:00~18:00,,,,,053-426-2827,2021-07-19
아이샘치과의원,영업중,대구광역시 북구 팔거천동로 217,대구광역시 북구 동천동 912-2 동천동빌딩401호,35.94344113,128.5578277,09:30~18:30,09:30~18:30,09:30~18:30,09:30~18:30,09:30~18:30,09:30~14:00,,,,053-314-1275,2021-07-19
애플치과의원,영업중,"대구광역시 북구 학정로 50, 2층 (태전동)",대구광역시 북구 태전동 1112번지(2층)/대구병원 부근,35.91326029,128.5480686,09:30~18:30,09:30~18:30,09:30~18:30,09:30~18:30,09:30~18:30,09:30~13:00,,,,053-312-2804,2021-07-19
에프엠치과의원,영업중,"대구광역시 북구 학정로 435, 2층 (동천동)",대구광역시 북구 동천동 896-3번지(2층)/칠곡3지구 대구은행맞은편,35.94356463,128.5633045,09:30~18:30,09:30~17:00,09:30~18:30,09:30~18:30,09:30~18:30,09:30~13:00,,,,053-314-2080,2021-07-19
엠치과의원,영업중,"대구광역시 북구 학정로 439, 2층 (동천동)",,35.94386378,128.563306,09:30~21:00,09:30~19:00,09:30~19:00,09:30~21:00,09:30~19:00,09:00~15:00,,,,053-326-9885,2021-07-19
연세S치과의원,영업중,대구광역시 북구 침산남로19길 2 (침산동),,35.88942773,128.5869177,10:00~18:00,10:00~18:00,10:00~18:00,10:00~18:00,10:00~18:00,10:00~12:00,,,,053-357-3126,2021-07-19
연세드림치과의원,영업중,대구광역시 북구 학정로 427,대구광역시 북구 동천동 896 강북빌딩3층,35.9427663,128.5631603,09:30~19:00,09:30~19:00,09:30~19:00,09:30~19:00,09:30~19:00,09:30~16:00,,,,053-326-7522,2021-07-19
연세오에스플란트치과의원,영업중,"대구광역시 북구 침산남로 165, 3층 (침산동)",,35.88795694,128.593732,09:30~18:30,09:30~18:30,09:30~20:00,09:30~18:30,09:30~18:30,09:30~13:00,,,,053-358-1500,2021-07-19
연합수치과의원,영업중,대구광역시 북구 칠곡중앙대로 219,대구광역시 북구 태전동 496-10(2층),35.91562074,128.5481101,10:00~19:00,10:00~19:00,10:00~19:00,14:30~20:00,10:00~19:00,10:00~14:00,,,,053-311-1653,2021-07-19
연합치과의원,영업중,"대구광역시 북구 구암로 150, (구암동)",대구광역시 북구 구암동 650-1,35.93150556,128.5569972,09:30~18:30,09:30~18:30,09:30~18:30,09:30~18:30,09:30~18:30,09:30~13:00,,,,053-324-3321,2021-07-19
예사랑치과의원,영업중,대구광역시 북구 팔달로 167,대구광역시 북구 노원동3가 팔달로167/팔달시장 입구,35.88892786,128.5684942,09:30~21:00,09:30~18:30,09:30~21:00,09:30~18:30,09:30~18:30,09:30~14:00,,,,053-358-2828,2021-07-19
예스치과의원,영업중,"대구광역시 북구 내곡로 36, 3층 301,302호 (사수동)",,35.89881655,128.5098555,10:00~20:30,10:00~19:00,10:00~19:00,10:00~20:30,10:00~19:00,10:00~14:00,,,,053-323-7522,2021-07-19
예아름치과의원,영업중,대구광역시 북구 매전로 14 (매천동),대구광역시 북구 매천동 678 화성빌딩2층/매천화성파크드림 앞,35.90849558,128.5435451,09:30~18:30,09:30~18:30,09:30~18:30,14:00~21:00,09:30~18:30,09:30~14:00,,,,053-356-2080,2021-07-19
오페라치과의원,영업중,"대구광역시 북구 침산로 100, 302동 207,208호 (칠성동2가, 오페라삼정그린코아더베스트)",,35.88515999,128.5912708,09:30~18:30,09:30~20:30,09:30~18:30,09:30~20:30,09:30~18:30,09:30~14:00,,,,053-357-7528,2021-07-19
올리브치과의원,영업중,"대구광역시 북구 동북로 172, 4층 (산격동)",,35.89884677,128.6113344,09:30~18:00,09:30~18:00,09:30~18:00,09:30~12:30,09:30~18:00,09:30~13:00,,,,053-955-2875,2021-07-19
유정균치과의원,영업중,"대구광역시 북구 칠성시장로 29, (칠성동1가)",대구광역시 북구 칠성1가 163-1번지,35.87662309,128.6036284,09:00~17:30,09:00~17:30,09:00~17:30,09:00~17:30,09:00~17:30,09:00~12:00,,,,053-426-5797,2021-07-19
유치과의원,영업중,대구광역시 북구 팔달로 171,대구광역시 북구 노원동3가 779-13/팔달시장 입구,35.88892753,128.5687954,09:00~19:00,09:00~19:00,09:00~19:00,09:00~19:00,09:00~19:00,09:00~14:00,09:00~15:00,09:00~14:00,"1,2,3,4,5",053-355-2828,2021-07-19
이-편한치과의원,영업중,대구광역시 북구 동북로 162,대구광역시 북구 산격3동 1260-3(3층),35.89920943,128.6103627,10:00~18:00,10:00~18:00,10:00~18:00,10:00~18:00,10:00~18:00,10:00~15:00,,,,053-955-2833,2021-07-19
이건치과의원,영업중,"대구광역시 북구 한강로4길 9, 303호 (사수동)",,35.89607917,128.5145525,10:00~19:00,10:00~19:00,10:00~19:00,10:00~19:00,10:00~19:00,10:00~13:00,,,,053-321-2828,2021-07-19
이굿치과의원,영업중,"대구광역시 북구 칠성시장로 26, 2층 (칠성동1가)",대구광역시 북구 칠성1가 276-144/칠성시장역 1번출구,35.8765747,128.6042829,09:30~18:00,09:30~18:00,09:30~18:00,09:30~18:00,09:30~18:00,09:30~13:00,,,,053-425-1356,2021-07-19
이메디치과의원,영업중,대구광역시 북구 구암로 136 (구암동),,35.93166617,128.5556449,09:30~19:00,09:30~19:00,09:30~21:00,09:30~19:00,09:30~19:00,09:30~14:30,,,,053-326-0275,2021-07-19
이상우치과의원,영업중,"대구광역시 북구 산격로 24, (산격동)",대구광역시 북구 산격3동 1413-15번지,35.89268611,128.6053194,09:30~18:00,09:30~18:00,09:30~18:00,09:30~18:00,09:30~18:00,09:30~15:00,,,,053-942-2522,2021-07-19
이석현치과의원,영업중,대구광역시 북구 동북로 285,대구광역시 북구 복현2동 340-35,35.8930605,128.6213261,09:30~18:00,09:30~18:00,09:30~18:00,09:30~18:00,09:30~18:00,09:30~14:00,,,,053-958-0293,2021-07-19
이석호치과의원,영업중,대구광역시 북구 동북로 246,대구광역시 북구 복현1동 427-1,35.89504322,128.6178314,10:00~18:00,10:00~18:00,10:00~18:00,10:00~18:00,10:00~18:00,,,,,053-952-5800,2021-07-19
이성우치과의원,영업중,대구광역시 북구 팔달로 179,대구광역시 북구 노원동2가 382의3,35.88876689,128.56978,10:00~18:00,10:00~18:00,10:00~18:00,10:00~18:00,10:00~18:00,10:00~13:00,,,,053-357-9889,2021-07-19
이시우의미치과의원,영업중,대구광역시 북구 칠곡중앙대로 302,대구광역시 북구 태전동 422-16,35.92256819,128.5471552,09:30~18:30,09:30~18:30,09:30~18:30,14:00~20:00,09:30~18:30,09:30~13:00,,,,053-321-6383,2021-07-19
이아름다운치과의원,영업중,대구광역시 북구 대현로 88-1,대구광역시 북구 대현1동 202-7 (2층),35.88247855,128.6086467,09:30~18:30,09:30~18:30,09:30~18:30,09:30~18:30,09:30~18:30,09:30~13:00,,,,053-958-2828,2021-07-19
이앤이치과의원,영업중,"대구광역시 북구 학정로 426, 301호 (구암동)",대구광역시 북구 구암동 766번지/칠곡3지구 파크랜드3층,35.94265118,128.5639736,09:30~19:00,09:30~19:00,09:30~19:00,09:30~19:00,09:30~19:00,09:30~14:00,,,,053-313-7528,2021-07-19
이엔아이치과의원,영업중,대구광역시 북구 동북로 160 (산격동),,35.89934053,128.6102634,09:30~18:00,09:30~19:30,09:30~18:00,09:30~18:00,09:30~18:00,09:00~13:30,,,,053-959-2879,2021-07-19
이유원치과의원,영업중,대구광역시 북구 연암로 184 (산격동),,35.90087911,128.5965253,10:00~18:00,,10:00~18:00,,10:00~18:00,,,,,053-957-3666,2021-07-19
이인구치과의원,영업중,대구광역시 북구 노원로 21,대구광역시 북구 노원동3가 879-1,35.89158408,128.565202,10:00~19:00,10:00~19:00,10:00~19:00,10:00~19:00,10:00~19:00,10:00~14:00,,,,053-353-8762,2021-07-19
임진치과의원,영업중,대구광역시 북구 칠성남로 198,대구광역시 북구 칠성동1가 176-26번지(4층),35.8762597,128.6019751,09:30~18:00,09:30~18:00,09:30~17:00,09:30~18:00,09:30~18:00,09:30~13:00,,,,053-423-7555,2021-07-19
제동치과의원,영업중,"대구광역시 북구 칠곡중앙대로 385-1, (태전동)",대구광역시 북구 태전동 961-19번지,35.93018901,128.5476439,09:00~18:00,09:00~18:00,09:00~18:00,09:00~18:00,09:00~18:00,09:00~12:00,,,,053-324-1360,2021-07-19
조은미소치과의원,영업중,"대구광역시 북구 태전로 3, 3층 (태전동)",대구광역시 북구 태전1동 206-2(3층),35.92076355,128.5458583,09:30~18:30,09:30~18:30,09:30~19:30,09:30~18:30,09:30~18:30,09:30~11:30,,,,053-314-7528,2021-07-19
지음치과의원,영업중,"대구광역시 북구 학정로 416, 3층 (구암동)",,35.94179519,128.563811,09:00~18:00,09:00~18:00,09:00~18:00,09:00~18:00,09:00~18:00,,,,,053-710-9942,2021-07-19
진석호치과의원,영업중,"대구광역시 북구 학정로 429, 303호 (동천동)",,35.94294792,128.5630358,09:30~18:30,09:30~18:30,09:30~18:30,09:30~18:30,09:30~18:30,,,,,053-326-2928,2021-07-19
진선치과의원,영업중,대구광역시 북구 산격로 95,대구광역시 북구 산격4동 1218-15번지,35.89855564,128.6069648,10:00~18:30,10:00~18:30,10:00~18:30,10:00~18:30,10:00~18:30,10:00~13:00,,,,053-955-4728,2021-07-19
청아치과의원,영업중,"대구광역시 북구 칠곡중앙대로 447, 2층 (관음동)",대구광역시 북구 관음동 1402번지(2층),35.93605492,128.5485916,10:00~19:00,10:00~19:00,10:00~19:00,10:00~19:00,10:00~19:00,10:00~13:00,,,,053-325-7522,2021-07-19
최근배치과의원,영업중,"대구광역시 북구 신암로 24, (칠성동1가)",대구광역시 북구 칠성동2가 125-1,35.87456111,128.6057472,10:00~17:00,10:00~17:00,10:00~17:00,10:00~17:00,10:00~17:00,,,,,053-424-4546,2021-07-19
최병하치과의원,영업중,대구광역시 북구 팔달로 231 (노원동2가),대구광역시 북구 노원2가 257-3번지,35.88794649,128.5753325,10:00~18:00,10:00~18:00,10:00~18:00,10:00~18:00,10:00~18:00,10:00~13:00,,,,053-357-5009,2021-07-19
최용철연합치과의원,영업중,대구광역시 북구 칠성시장로 10 (칠성동1가),대구광역시 북구 칠성동1가 153-4,35.87528533,128.6050336,09:30~19:00,09:30~19:00,09:30~19:00,14:00~19:00,09:30~19:00,09:30~13:00,,,,053-428-2875,2021-07-19
최희동치과의원,영업중,대구광역시 북구 동북로 168,대구광역시 북구 산격3동 1260-5,35.89909072,128.610883,10:00~18:30,10:00~18:30,10:00~18:30,10:00~18:30,10:00~18:30,10:00~14:00,,,,053-954-2282,2021-07-19
칠곡리더스치과의원,영업중,"대구광역시 북구 칠곡중앙대로 393, 2층 (태전동)",,35.93090054,128.547814,10:00~18:30,10:00~18:30,10:00~18:30,10:00~18:30,10:00~18:30,10:00~15:00,,,,053-312-2828,2021-07-19
칠곡맥치과의원,영업중,대구광역시 북구 학정로 422,대구광역시 북구 구암동 769번지 1호(3층),35.94230993,128.5638827,09:30~21:00,09:30~19:00,09:30~19:00,14:00~21:00,09:30~19:00,09:30~13:00,,,,053-314-2876,2021-07-19
칠곡명인치과의원,영업중,대구광역시 북구 동암로12길 8,대구광역시 북구 동천동 968/홈플러스2층,35.94494051,128.555889,10:30~19:30,10:30~19:30,10:30~19:30,10:30~19:30,10:30~19:30,10:30~16:30,,,,053-321-5722,2021-07-19
칠곡바른송치과의원,영업중,"대구광역시 북구 구암로17길 1, 2층 (읍내동)",,35.93270963,128.5503579,09:30~18:30,09:30~18:30,09:30~18:30,14:00~20:00,09:30~18:30,09:30~12:30,,,,053-325-7528,2021-07-19
칠곡연세치과의원,영업중,대구광역시 북구 칠곡중앙대로 443 (관음동),,35.93536019,128.548588,09:30~18:00,09:30~18:00,09:30~18:00,09:30~18:00,09:30~18:00,09:30~12:30,,,,053-327-2875,2021-07-19
칠곡열린치과의원,영업중,"대구광역시 북구 팔거천동로 80, 2층일부 (구암동)",대구광역시 북구 구암동 654번지(2층),35.93139444,128.5550139,09:30~19:00,14:00~21:00,09:30~19:00,09:30~19:00,09:30~19:00,,,,,053-312-7528,2021-07-19
칠곡하얀림치과의원,영업중,대구광역시 북구 학정로 431,대구광역시 북구 동천동 896-4,35.94332382,128.563251,09:30~19:00,09:30~19:00,09:30~19:00,09:30~19:00,09:30~19:00,09:30~14:00,,,,053-327-2275,2021-07-19
칠곡한빛치과의원,영업중,대구광역시 북구 구암로65길 52,대구광역시 북구 구암동 769-4 상호빌딩 3층,35.94165376,128.5641711,09:30~18:30,09:30~19:30,09:30~18:30,09:30~19:30,09:30~18:30,09:30~13:00,,,,053-326-2275,2021-07-19
칠곡현대치과의원,영업중,"대구광역시 북구 칠곡중앙대로 403-1, 3층 (태전동)",대구광역시 북구 태전동 940번지/칠곡네거리 기업은행3층,35.93250412,128.5480569,09:30~18:00,09:30~18:00,09:30~18:00,09:30~18:00,09:30~18:00,09:30~12:00,,,,053-321-1305,2021-07-19
칠성굿모닝치과의원,영업중,대구광역시 북구 신암로 27 (칠성동1가) 굿모닝메디타워 301호,,35.87525746,128.6054134,09:30~18:00,09:30~18:00,09:30~18:00,09:30~18:00,09:30~18:00,09:30~14:00,,,,053-254-2828,2021-07-19
침산동아치과의원,영업중,"대구광역시 북구 침산로21길 24, 109동 201호 (침산동)",,35.8864198,128.5882046,09:30~18:30,09:30~18:30,09:30~13:00,09:30~18:30,09:30~18:30,09:30~14:00,,,,053-351-2842,2021-07-19
침산아름다운치과의원,영업중,"대구광역시 북구 침산로 144, A동 501호 (침산동)",대구광역시 북구 침산동 285-4 A동 501호,35.88925879,128.5915123,09:30~18:30,09:30~18:30,09:30~18:30,09:30~18:30,09:30~18:30,09:30~12:30,,,,053-353-8277,2021-07-19
침산이튼튼치과의원,영업중,"대구광역시 북구 침산로 173, 시그니처타워 3층 (침산동)",,35.89148394,128.5896846,09:30~18:30,09:30~18:30,09:30~20:30,09:30~18:30,09:30~18:30,09:30~14:00,,,,053-356-7575,2021-07-19
침산흰돌치과의원,영업중,"대구광역시 북구 침산남로19길 2, 2층일부층 (침산동)",,35.88942773,128.5869177,09:30~18:30,09:30~21:00,,09:30~18:30,09:30~18:30,09:30~14:00,,,,053-354-7575,2021-07-19
크리스마스치과의원,영업중,"대구광역시 북구 내곡로 38, 402호 (사수동)",,35.89898903,128.5098986,10:00~17:00,10:00~17:00,10:00~17:00,10:00~17:00,10:00~17:00,,,,,053-326-0075,2021-07-19
큰사랑치과의원,영업중,"대구광역시 북구 태암로 68, 2층 (구암동)",대구광역시 북구 구암동 688-1번지(2층),35.92800225,128.5552185,09:30~18:00,09:30~18:00,09:30~18:00,09:30~18:00,09:30~18:00,09:30~14:00,,,,053-324-8275,2021-07-19
탑연합치과의원,영업중,대구광역시 북구 침산로 93,대구광역시 북구 칠성2가 20-1/이마트내3층,35.88497391,128.5898767,10:00~18:30,10:00~20:00,10:00~18:30,,10:00~20:00,10:00~14:30,,,,053-351-2804,2021-07-19
파티마프렌즈치과의원,영업중,대구광역시 북구 침산남로 138,대구광역시 북구 침산동 260-11(5층),35.88813511,128.5906928,09:30~18:30,09:30~18:30,09:30~18:30,09:30~18:30,09:30~18:30,09:30~13:00,,,,053-354-2875,2021-07-19
하나치과의원,영업중,대구광역시 북구 칠곡중앙대로 419,대구광역시 북구 관음동 1378-7번지(6층),35.93324717,128.5480944,09:30~18:30,09:30~18:30,09:30~13:00,09:30~18:30,09:30~18:30,09:30~13:00,,,,053-325-2119,2021-07-19
하늘치과의원,영업중,"대구광역시 북구 동북로 163, 201동 3층 309호 (산격동)",대구광역시 북구 산격2동 500-1 대우아파트상가3층/산격2동주민센터 옆,35.89964266,128.6108499,09:30~18:00,09:30~18:00,09:30~18:00,09:30~18:00,09:30~18:00,,,,,053-383-1010,2021-07-19
하얀미소치과의원,영업중,대구광역시 북구 구암로21길 1 (읍내동),대구광역시 북구 읍내동 1381-13번지(2층),35.93242117,128.5521772,09:30~19:00,09:30~20:30,09:30~19:00,09:30~19:00,09:30~19:00,09:30~14:00,,,,053-326-7528,2021-07-19
하유선치과의원,영업중,대구광역시 북구 서변로 63,대구광역시 북구 서변동 1746-7,35.92142938,128.596402,10:00~18:00,10:00~18:00,10:00~18:00,10:00~18:00,10:00~18:00,10:00~13:00,,,,053-951-2275,2021-07-19
하이얀치과의원,영업중,"대구광역시 북구 학정로 415, 503호 (동천동)",,35.94180707,128.5628981,09:30~19:00,09:30~21:00,09:30~19:00,09:30~21:00,09:30~19:00,09:30~14:00,,,,053-312-0275,2021-07-19
한국건강관리협회건강증진치과의원,영업중,"대구광역시 북구 팔달로 25, 6층 (노원동3가)",,35.89224428,128.5540159,08:00~17:00,08:00~17:00,08:00~17:00,08:00~17:00,08:00~17:00,08:00~12:00,,,,053-350-9175,2021-07-19
한민행복을심는치과의원,영업중,대구광역시 북구 침산남로 175,대구광역시 북구 침산동 333-24번지,35.88768007,128.5948387,09:30~18:30,09:30~18:30,09:30~18:30,09:30~18:30,09:30~18:30,09:30~13:00,,,,053-357-2025,2021-07-19
한솔치과의원,영업중,"대구광역시 북구 구암로 17, 305호 (관음동, 한양수정아파트상가)",대구광역시 북구 관음동 1370/한양수정아파트,35.93410618,128.5435239,14:00~21:00,09:30~18:30,09:30~18:30,09:30~18:30,09:30~18:30,,,,,053-326-6700,2021-07-19
해바라기치과의원,영업중,"대구광역시 북구 침산로 128, 5층 (침산동, 동광빌딩)",대구광역시 북구 침산동 248-5번지 동광빌딩5층/칠성이마트 인근,35.88771111,128.5918194,09:30~18:30,09:30~21:00,09:30~18:30,09:30~18:30,09:30~18:30,,,,,053-351-0275,2021-07-19
행림치과의원,영업중,대구광역시 북구 칠곡중앙대로 573,대구광역시 북구 읍내동 522번지(3층)/칠곡중학교 옆,35.94682784,128.5509833,09:30~19:00,09:30~19:00,09:30~19:00,09:30~14:00,09:30~19:00,09:30~14:00,,,,053-313-0075,2021-07-19
행복을심는강치과의원,영업중,"대구광역시 북구 학정로 529, 3,4층 (학정동)",대구광역시 북구 학정동 974-3,35.94753325,128.5671546,09:30~18:30,09:30~18:30,09:30~18:30,14:00~18:30,09:30~18:30,09:30~14:00,,,,053-633-7588,2021-07-19
행복한e-치과의원,영업중,대구광역시 북구 태전로 25 (태전동),,35.92262825,128.5447279,09:30~19:00,09:30~21:00,,09:30~19:00,09:30~21:00,09:30~13:00,,,,053-311-2875,2021-07-19
향기로운치과의원,영업중,대구광역시 북구 팔거천동로 223,대구광역시 북구 동천동 951-2번지 수정빌딩,35.94397331,128.5579268,09:30~18:30,09:30~18:30,09:30~18:30,09:30~18:30,09:30~18:30,09:30~13:00,,,,053-326-2876,2021-07-19
홍S치과의원,영업중,"대구광역시 북구 팔달로 149, 6층 (노원동3가, 덕인빌딩)","대구광역시 북구 팔달로 149 (노원동3가,덕인빌딩6층)",35.88936874,128.5664293,09:30~18:00,09:30~18:00,09:30~18:00,09:30~18:00,09:30~18:00,09:30~13:00,,,,053-351-2080,2021-07-19
황부부치과의원,영업중,대구광역시 북구 검단로 115,대구광역시 북구 검단동 887-67 유성상가,35.90736958,128.6200537,09:30~19:00,09:30~19:00,09:30~19:00,09:30~19:00,09:30~19:00,09:30~13:00,,,,053-383-2875,2021-07-19
흰돌치과의원,영업중,"대구광역시 북구 대천로 94, 4층(동천동)",대구광역시 북구 동천동 934-5번지(4층),35.93665665,128.5593971,09:30~18:30,09:30~18:30,09:30~18:30,14:00~18:30,09:30~20:30,09:30~13:30,,,,053-326-6543,2021-07-19
가람한의원,영업중,대구광역시 북구 대학로 5 (산격동),,35.88856388,128.6022945,09:00~19:00,09:00~19:00,09:00~19:00,09:00~19:00,09:00~19:00,09:00~15:00,,,,053-941-0144,2021-07-19
가원한의원,영업중,대구광역시 북구 칠곡중앙대로 457 (관음동),,35.93655869,128.5487351,09:00~17:00,09:00~17:00,09:00~17:00,09:00~17:00,09:00~17:00,09:00~13:00,,,,053-311-1075,2021-07-19
갑자한의원,영업중,대구광역시 북구 동북로 236 (복현동),,35.89558566,128.6171413,09:30~19:00,09:30~19:00,09:30~19:00,09:30~19:00,09:30~19:00,09:30~19:00,,,,053-942-3191,2021-07-19
강북한의원,영업중,"대구광역시 북구 칠곡중앙대로 406, 2층 (태전동)",대구광역시 북구 태전동 993-13 2층,35.92846825,128.5494285,10:00~16:00,10:00~16:00,10:00~16:00,10:00~16:00,10:00~16:00,,,,,053-321-7575,2021-07-19
건강장수한의원,영업중,"대구광역시 북구 팔달로 159, 2층 (노원동3가)",,35.88763938,128.5747693,09:30~19:00,09:30~19:00,09:30~19:00,09:30~19:00,09:30~19:00,09:30~14:00,,09:30~13:00,,053-766-7575,2021-07-19
검단한의원,영업중,"대구광역시 북구 검단로 117, 203호,204호 (검단동, 유성아파트 상가)","대구광역시 북구 검단동 887-67 주)유성근로자복지아파트내 상가203,20",35.90745043,128.620206,09:30~19:00,09:30~19:00,09:30~19:00,09:30~19:00,09:30~19:00,09:30~16:00,,,,053-383-1800,2021-07-19
경원한의원,영업중,"대구광역시 북구 팔거천동로 80, 2층 (구암동)",,35.93160331,128.5561145,10:00~17:00,10:00~17:00,10:00~17:00,10:00~17:00,10:00~17:00,,,,,053-314-7579,2021-07-19
경희사랑한의원,영업중,"대구광역시 북구 침산로 100, 302동 204호 (칠성동2가, 오페라삼정그린코아더베스트)",,35.88515999,128.5912708,09:30~19:00,09:30~20:00,09:30~19:00,09:30~20:00,09:30~19:00,09:30~15:00,,,,053-351-8777,2021-07-19
경희정수한의원,영업중,"대구광역시 북구 대현남로 41, 1층 (대현동)",,35.88172726,128.6073289,09:00~18:00,09:00~18:00,09:00~18:00,09:00~18:00,09:00~18:00,,,,,053-941-9990,2021-07-19
고려한의원,영업중,대구광역시 북구 산격로 29 (산격동),,35.89322744,128.6050497,09:00~18:00,09:00~18:00,09:00~18:00,09:00~18:00,09:00~18:00,09:00~14:00,,,,053-951-8080,2021-07-19
공덕한의원,영업중,대구광역시 북구 중앙대로 509 (칠성동2가),대구광역시 북구 칠성동2가 315-16,35.87852469,128.5950982,09:00~19:00,09:00~19:00,09:00~19:00,,09:00~19:00,09:00~16:00,,09:00~16:00,,053-424-1275,2021-07-19
구민한의원,영업중,대구광역시 북구 동북로 265 (복현동),,35.89416763,128.6196553,09:30~19:00,09:30~19:00,09:30~19:00,09:30~19:00,09:30~19:00,09:30~16:00,,,,053-956-3724,2021-07-19
굿모닝한의원,영업중,대구광역시 북구 침산로 138 (침산동),,35.88863702,128.5919875,09:30~19:30,09:30~19:30,09:30~19:30,09:30~19:30,09:30~19:30,09:30~16:00,,,,053-358-1080,2021-07-19
권한의원,영업중,"대구광역시 북구 구암로 147, 3층 (동천동)",,35.9319982,128.556881,09:00~18:30,09:00~18:30,09:00~18:30,,09:00~18:30,09:00~14:00,,,,053-326-5075,2021-07-19
권현우한의원,영업중,"대구광역시 북구 산격로 91, 1층 (산격동)",,35.89829264,128.6066849,09:30~19:00,09:30~21:00,09:30~19:00,09:30~21:00,09:30~19:00,09:30~17:00,,,,053-957-6568,2021-07-19
권형수한의원,영업중,대구광역시 북구 복현로 133 (복현동),,35.9013618,128.6181105,09:30~18:30,09:30~18:30,09:30~18:30,09:30~18:30,09:30~18:30,09:30~16:00,,,,053-383-7582,2021-07-19
기천한의원,영업중,대구광역시 북구 공항로 8 (복현동),,35.89759344,128.6160891,09:00~18:00,09:00~19:00,09:00~18:00,09:00~19:00,09:00~18:00,09:00~13:00,,,,053-959-1075,2021-07-19
김규용한의원,영업중,대구광역시 북구 침산남로 175 (침산동),,35.88768007,128.5948387,10:00~17:00,10:00~17:00,10:00~17:00,10:00~17:00,10:00~17:00,,,,,053-354-0139,2021-07-19
김영수한의원,영업중,대구광역시 북구 팔달로33길 40 (노원동3가),,35.89026455,128.5671125,09:00~18:30,09:00~18:30,09:00~18:30,09:00~18:30,09:00~18:30,09:00~15:00,,,,053-355-1075,2021-07-19
늘푸른한의원,영업중,대구광역시 북구 연암로 128 (산격동),,35.89592312,128.59515,09:00~19:00,09:00~19:00,09:00~19:00,09:00~19:00,09:00~19:00,09:00~16:00,,09:00~12:00,,053-943-1075,2021-07-19
능성한의원,영업중,대구광역시 북구 호국로43길 8-12 (서변동),,35.92164883,128.5986617,09:30~19:00,09:30~20:00,09:30~19:00,09:30~20:00,09:30~19:00,09:30~15:30,,,,053-952-7667,2021-07-19
단비한의원,영업중,대구광역시 북구 구암로 99-1 (읍내동),대구광역시 북구 읍내동 1381-17,35.93248682,128.5517009,09:00~19:00,09:00~19:00,09:00~19:00,09:00~19:00,09:00~19:00,09:00~14:00,,,,053-325-8899,2021-07-19
대보한의원,영업중,대구광역시 북구 침산남로13길 24 (침산동),,35.89040611,128.5805721,09:00~18:00,09:00~18:00,09:00~18:00,09:00~18:00,09:00~18:00,,,,,053-355-6712,2021-07-19
대성한의원,영업중,대구광역시 북구 동북로 166 (산격동),대구광역시 북구 산격3동 1260-5번지(2층일부),35.89919564,128.6107035,09:00~19:00,09:00~19:00,09:00~19:00,09:00~19:00,09:00~19:00,09:00~17:00,,09:00~14:00,,053-951-8200,2021-07-19
대원한의원,영업중,대구광역시 북구 동북로 170-1 (산격동),,35.89895371,128.6111549,09:00~18:00,09:00~18:00,09:00~18:00,09:00~13:00,09:00~18:00,09:00~13:00,,,,053-202-3370,2021-07-19
더바른한의원,영업중,"대구광역시 북구 옥산로 95, 화인탑펠리스 4층 301,302,303호 (칠성동2가)",,35.88463221,128.5859361,09:00~18:00,09:00~18:00,09:00~18:00,09:00~18:00,09:00~18:00,,,,,053-355-0000,2021-07-19
덕원한의원,영업중,대구광역시 북구 태전로 46 (태전동),대구광역시 북구 태전동 253-20번지(2층),35.92453451,128.5443429,09:30~19:00,09:30~19:00,09:30~19:00,09:30~19:00,09:30~19:00,09:30~14:00,,,,053-311-7582,2021-07-19
덕인한의원,영업중,대구광역시 북구 팔달로 149 (노원동3가),,35.88933245,128.5664463,09:00~19:00,09:00~19:00,09:00~19:00,09:00~19:00,09:00~19:00,09:00~19:00,,09:00~13:00,,053-351-8700,2021-07-19
도남한의원,영업중,대구광역시 북구 구리로 192 (국우동),대구광역시 북구 국우동 1109-2번지(1층),35.94825903,128.5758933,09:00~19:00,09:00~19:00,09:00~19:00,09:00~19:00,09:00~19:00,09:00~16:00,,09:00~13:00,,053-322-9393,2021-07-19
도원한의원칠곡점,영업중,대구광역시 북구 학정로 416 (구암동),대구광역시 북구 구암동 769-3,35.94180419,128.563691,09:00~19:00,09:00~19:00,09:00~19:00,09:00~19:00,09:00~19:00,09:00~16:00,,,,053-326-2664,2021-07-19
동방한의원,영업중,대구광역시 북구 대천로 74 (동천동),,35.9369702,128.557333,10:00~17:00,10:00~17:00,10:00~17:00,10:00~17:00,10:00~17:00,,,,,053-314-1475,2021-07-19
동서한의원,영업중,대구광역시 북구 침산남로19길 2 (침산동),,35.88943039,128.58692,09:30~19:00,09:30~19:00,09:30~19:00,09:30~19:00,09:30~19:00,09:30~14:00,,,,053-355-1900,2021-07-19
동제한의원,영업중,대구광역시 북구 산격로 114 (산격동),,35.89955493,128.6087072,09:00~18:00,09:00~18:00,09:00~18:00,09:00~18:00,09:00~18:00,,,,,053-954-9048,2021-07-19
류경하한의원,영업중,대구광역시 북구 산격로9길 2 (산격동),대구광역시 북구 산격동 1422-22,35.89505405,128.6048473,09:30~18:00,09:30~18:00,09:30~18:00,09:30~18:00,09:30~18:00,09:30~13:00,,,,053-956-5510,2021-07-19
리인한의원,영업중,대구광역시 북구 침산남로 154 (침산동),,35.88784648,128.5922769,10:00~17:01,10:00~17:01,10:00~17:01,10:00~17:01,10:00~17:01,,,,,053-355-7171,2021-07-19
마디에스(S)한의원,영업중,"대구광역시 북구 침산로 128, 3층 (침산동)",,35.88766118,128.5918435,10:00~16:00,10:00~16:00,10:00~16:00,10:00~16:00,10:00~16:00,,,,,053-353-1075,2021-07-19
매천한의원,영업중,"대구광역시 북구 매전로4길 32, 상가404동 지하1층 401~403호 (매천동, 한신더휴웨스턴팰리스)",대구광역시 북구 매천동 540-7번지(2층일부),35.90366607,128.5406765,09:30~19:00,09:30~19:00,09:30~19:00,09:30~19:00,09:30~19:00,09:30~14:00,,,,053-311-3007,2021-07-19
명신한의원,영업중,대구광역시 북구 동북로 163 (산격동),대구광역시 북구 산격2동 500-1 대우상가 201동208호,35.89954847,128.6111537,09:30~19:00,09:30~19:00,09:30~19:00,09:30~19:00,09:30~19:00,09:30~13:00,,,,053-382-3367,2021-07-19
명심한의원,영업중,"대구광역시 북구 칠곡중앙대로 404, 5층 (태전동)",,35.93176957,128.5486329,09:30~19:00,09:30~19:00,09:30~19:00,09:30~19:00,09:30~19:00,09:30~16:00,,,,053-314-7875,2021-07-19
명인한의원,영업중,대구광역시 북구 칠곡중앙대로 217 (태전동),,35.91548735,128.5481661,09:30~19:00,09:30~19:00,09:30~19:00,09:30~19:00,09:30~19:00,09:00~17:00,,,,053-313-0232,2021-07-19
무태한의원,영업중,대구광역시 북구 호국로 219,대구광역시 북구 서변동 1786번지 204호,35.92126005,128.5986229,09:00~19:00,09:00~19:00,09:00~19:00,09:00~19:00,09:00~19:00,09:00~13:00,,09:00~13:00,,053-956-0075,2021-07-19
문한의원,영업중,대구광역시 북구 팔거천동로4길 45 (구암동),,35.92669859,128.5566566,09:00~18:00,09:00~18:00,09:00~18:00,09:00~18:00,09:00~18:00,09:00~17:30,,,,053-325-7595,2021-07-19
미소한의원,영업중,대구광역시 북구 학남로 18 (학정동),,35.94833276,128.5666743,09:30~20:00,09:30~19:00,09:30~20:00,09:30~19:00,09:30~19:00,09:30~17:00,,09:30~14:00,,053-292-7788,2021-07-19
박태우한의원,영업중,대구광역시 북구 칠곡중앙대로 339 (태전동),,35.92601081,128.547054,09:00~18:00,09:00~18:00,09:00~13:00,09:00~18:00,09:00~18:00,09:00~13:00,,09:00~18:00,,053-322-3515,2021-07-19
배동렬한의원,영업중,"대구광역시 북구 태전로 25, 3층 (태전동)",,35.92262816,128.5447279,09:00~18:00,09:00~18:00,09:00~18:00,09:00~18:00,09:00~18:00,,,,,053-311-7599,2021-07-19
배한의원,영업중,"대구광역시 북구 신암로 27, 3층 301호 (칠성동1가, 굿모닝메디타워)",,35.87525746,128.6054134,10:00~16:00,10:00~16:00,10:00~16:00,10:00~16:00,10:00~16:00,,,,,053-257-2088,2021-07-19
병인한의원,영업중,대구광역시 북구 학정로 38 (태전동),,35.9132503,128.5468853,09:30~18:30,09:30~18:30,09:30~18:30,09:30~18:30,09:30~18:30,09:30~13:30,,,,053-314-7515,2021-07-19
보은한의원,영업중,대구광역시 북구 대현로 102 (대현동),대구광역시 북구 대현동 270-7번지,35.88210691,128.6100211,09:00~18:00,09:00~18:00,09:00~18:00,09:00~18:00,09:00~18:00,,,,,053-953-7582,2021-07-19
복음한의원,영업중,"대구광역시 북구 구암로 17, 115호 (관음동, 한양수정아파트상가)",,35.93406679,128.5437846,09:30~18:30,09:30~20:00,09:30~18:30,09:30~20:00,09:30~18:30,09:30~16:00,,,,053-326-6767,2021-07-19
복현한의원,영업중,대구광역시 북구 복현로 105 (복현동),,35.89919463,128.6216504,09:00~19:00,09:00~19:00,09:00~19:00,14:00~19:00,09:00~19:00,09:00~15:00,,,,053-381-8875,2021-07-19
본울림한의원,영업중,"대구광역시 북구 신암로 111, 3층 304호 (대현동)",,35.88083434,128.6112883,10:00~18:00,10:00~18:00,10:00~18:00,10:00~18:00,10:00~18:00,,,,,053-939-6780,2021-07-19
산격용한의원,영업중,대구광역시 북구 연암로 114-2,대구광역시 북구 산격동,35.89461394,128.5949333,09:00~19:00,09:00~19:00,09:00~15:00,09:00~19:00,09:00~19:00,09:00~15:00,,,,053-944-8884,2021-07-19
산격한의원,영업중,대구광역시 북구 산격로 74-1 (산격동),,35.8970857,128.6056858,10:00~19:00,10:00~19:00,10:00~19:00,10:00~19:00,10:00~19:00,10:00~16:00,,,,053-958-7403,2021-07-19
삼보한의원,영업중,"대구광역시 북구 대동로1길 24-2, (산격동)",대구광역시 북구 산격3동 1239-3,35.89899366,128.6097048,09:30~18:30,09:30~18:30,09:30~18:30,09:30~18:30,09:30~18:30,09:30~16:00,,,,053-942-5248,2021-07-19
새누리한의원,영업중,"대구광역시 북구 학남로3길 42, 4층 (학정동)",,35.95234649,128.5679105,09:00~18:00,09:00~18:00,09:00~18:00,09:00~18:00,09:00~18:00,,,,,053-314-1079,2021-07-19
새소망한의원,영업중,대구광역시 북구 동변로 79-1 (동변동),,35.92045315,128.6033874,09:30~19:00,09:30~20:00,09:30~19:00,09:30~20:00,09:30~19:00,09:30~14:00,,,,053-953-8275,2021-07-19
서변중앙한의원,영업중,대구광역시 북구 서변로 61 (서변동),,35.92135815,128.5963959,09:00~18:00,14:00~20:00,09:00~18:00,09:00~18:00,09:00~18:00,09:00~14:00,,,,053-955-7588,2021-07-19
선진한의원,영업중,"대구광역시 북구 신암로 75, 2층 (대현동)",,35.87850512,128.6086501,09:00~19:00,09:00~19:00,09:00~19:00,09:00~19:00,09:00~19:00,09:00~16:00,,,,053-751-0751,2021-07-19
세민한의원,영업중,대구광역시 북구 관음중앙로 47-1 (관음동),,35.93804651,128.5441803,09:00~19:00,09:00~20:00,09:00~19:00,09:00~20:00,09:00~19:00,09:00~17:00,,,,053-313-7588,2021-07-19
세종한의원,영업중,"대구광역시 북구 칠곡중앙대로 392, 2층 (태전동)",대구광역시 북구 태전동 995-17번지,35.93073046,128.548431,10:00~19:00,10:00~19:00,10:00~19:00,10:00~19:00,10:00~19:00,10:00~15:00,,,,053-322-1154,2021-07-19
세창한의원,영업중,"대구광역시 북구 대현남로 42, 3층 (대현동)",,35.88174372,128.6077146,09:00~17:00,09:00~17:00,09:00~17:00,09:00~17:00,09:00~17:00,09:00~16:00,,09:00~16:00,,053-256-0168,2021-07-19
소들한의원,영업중,"대구광역시 북구 대현로 83, 3층 (대현동)",,35.88308582,128.6084327,10:00~16:00,10:00~16:00,10:00~16:00,10:00~16:00,10:00~16:00,,,,,053-943-6005,2021-07-19
소망한의원,영업중,대구광역시 북구 칠곡중앙대로 324 (태전동),대구광역시 북구 태전동 421-8번지(1층),35.92451171,128.5476628,09:30~18:00,09:30~18:00,09:30~18:00,09:30~18:00,09:30~18:00,09:30~15:00,,,,053-314-9972,2021-07-19
송림한의원,영업중,대구광역시 북구 학정로 431 (동천동),,35.94332382,128.563251,09:00~18:30,09:00~18:30,09:00~18:30,09:00~18:30,09:00~18:30,09:00~12:30,,,,053-321-7585,2021-07-19
송한방한의원,영업중,대구광역시 북구 칠곡중앙대로 200 (태전동),,35.91383421,128.5488463,09:30~19:00,09:30~19:00,09:30~19:00,09:30~19:00,09:30~19:00,09:30~14:00,,,,053-312-7588,2021-07-19
수경희한의원,영업중,"대구광역시 북구 침산남로 140, 엠비프라자 302호 (침산동)",대구광역시 북구 침산동 285-4 302호(침산동),35.88875616,128.5912468,09:00~20:00,09:00~20:00,09:00~20:00,09:00~20:00,09:00~20:00,09:00~14:00,,,,053-359-1075,2021-07-19
수연합한의원,영업중,대구광역시 북구 학정로 415 (동천동),대구광역시 북구 동천동 912-3번지(403호),35.94182783,128.5629822,09:30~19:00,09:30~19:00,09:30~19:00,09:30~19:00,09:30~19:00,09:30~15:00,,,,053-326-6675,2021-07-19
시원명상한의원,영업중,대구광역시 북구 학남로15길 50 (국우동),,35.94392048,128.5735694,09:00~18:00,09:00~18:00,09:00~18:00,09:00~18:00,09:00~18:00,09:00~13:00,,,,053-326-4788,2021-07-19
신화한의원,영업중,"대구광역시 북구 팔거천동로 210, 2층 (동천동)",,35.94267621,128.5584422,09:00~19:00,09:00~21:00,09:00~19:00,09:00~19:00,09:00~21:00,09:00~15:00,,,,053-324-4499,2021-07-19
아름다운한의원,영업중,"대구광역시 북구 학정로 432, 3층 일부층 (구암동)",,35.94277311,128.5630346,09:30~20:30,09:30~18:30,09:30~20:30,09:30~18:30,09:30~20:30,09:30~16:00,,10:00~15:00,,053-312-7582,2021-07-19
아침한의원,영업중,대구광역시 북구 대천로18길 2 (동천동),,35.93679996,128.5582165,09:00~21:00,09:00~19:00,09:00~21:00,09:00~19:00,09:00~19:00,09:00~14:00,,09:00~14:00,,053-326-7510,2021-07-19
연수당한의원,영업중,대구광역시 북구 복현로 8 (복현동),,35.89302325,128.6229211,09:30~19:00,09:30~19:00,09:30~19:00,09:30~19:00,09:30~19:00,09:30~15:00,,09:30~15:00,,053-959-6600,2021-07-19
영재한의원,영업중,"대구광역시 북구 내곡로 38-2, 202호 (사수동)",,35.89893661,128.5103407,09:00~18:00,09:00~18:00,09:00~18:00,09:00~18:00,09:00~18:00,,,,,053-327-1075,2021-07-19
영진한의원,영업중,대구광역시 북구 동북로 163 (산격동),"대구광역시 북구 산격2동 대우아파트 500-1 대우상가201동 312,313호",35.89972883,128.6105903,09:30~18:30,09:30~18:30,09:30~18:30,09:30~18:30,09:30~18:30,09:30~14:00,,,,053-382-8275,2021-07-19
예담한의원,영업중,대구광역시 북구 동북로 168 (산격동),대구광역시 북구 산격3동 1260-6(2층),35.899073,128.6109115,09:30~20:00,09:30~19:00,09:30~20:00,09:30~19:00,09:30~20:00,09:30~14:00,,,,053-951-5546,2021-07-19
예당한의원,영업중,대구광역시 북구 칠곡중앙대로 542 (읍내동),대구광역시 북구 읍내동 788-1번지,35.9436662,128.5510141,09:00~19:00,09:00~19:00,09:00~19:00,09:00~19:00,09:00~19:00,09:00~14:00,,,,053-326-1575,2021-07-19
예석진한의원,영업중,"대구광역시 북구 칠곡중앙대로 475, 2층 (관음동)",,35.81405105,128.5254861,09:00~19:00,09:00~19:00,09:00~19:00,09:00~19:00,09:00~19:00,09:00~14:00,,,,053-633-1275,2021-07-19
온아한의원,영업중,"대구광역시 북구 내곡로 38, 우정플라자 3층 301호 (사수동)",,35.89898859,128.5098975,09:00~18:00,09:00~18:00,09:00~18:00,09:00~18:00,09:00~18:00,,,,,053-323-5575,2021-07-19
우리한의원,영업중,"대구광역시 북구 구암로 148, 2층 (구암동, 고려빌딩)",,35.93159651,128.5567781,09:00~18:00,09:00~18:00,09:00~18:00,09:00~18:00,09:00~18:00,09:00~17:00,,,,053-312-6175,2021-07-19
우림한의원,영업중,대구광역시 북구 동북로 246 (복현동),대구광역시 북구 복현동 427-1,35.89505132,128.6177651,09:00~19:00,09:00~20:00,09:00~19:00,09:00~20:00,09:00~19:00,09:00~16:00,,,,053-957-5338,2021-07-19
웅한의원,영업중,"대구광역시 북구 중앙대로 517, 2층 (칠성동2가)",,35.87920956,128.5952929,10:00~18:00,10:00~18:00,10:00~18:00,10:00~18:00,10:00~18:00,,,,,053-357-7510,2021-07-19
유길한의원,영업중,"대구광역시 북구 검단로 28, 106동 201호 (복현동, 건영아파트상가 )",,35.90006041,128.6174993,09:30~19:00,09:30~19:00,09:30~19:00,09:30~19:00,09:30~19:00,09:30~17:00,,,,053-383-7531,2021-07-19
윤태경한의원,영업중,대구광역시 북구 칠곡중앙대로 455 (관음동),,35.9363517,128.548778,09:30~19:00,09:30~19:00,09:30~19:00,09:30~19:00,09:30~19:00,09:30~13:00,,,,053-326-8575,2021-07-19
이맥한의원,영업중,대구광역시 북구 칠성시장로 26 2층 (칠성동1가),대구광역시 북구 칠성동1가 276-110 2층,35.87656636,128.6043015,08:00~21:00,08:00~20:00,08:00~20:00,08:00~21:00,08:00~20:00,08:00~14:00,,,,053-421-6777,2021-07-19
이부영한의원,영업중,대구광역시 북구 산격로 35 (산격동),,35.89387109,128.6050981,09:30~18:30,09:30~18:30,09:30~18:30,09:30~13:00,09:30~18:30,09:30~13:00,,,,053-954-0075,2021-07-19
이재우한의원,영업중,대구광역시 북구 대천로 94 (동천동),,35.93667228,128.559373,09:30~19:00,09:30~19:00,09:30~19:00,09:30~19:00,09:30~19:00,09:30~13:00,,,,053-326-0753,2021-07-19
이찬영한의원,영업중,대구광역시 북구 중앙대로 542 (칠성동2가),,35.88139174,128.5966766,09:00~18:00,09:00~18:00,09:00~18:00,09:00~18:00,09:00~18:00,09:00~13:00,,,,053-426-1275,2021-07-19
이호동한의원,영업중,"대구광역시 북구 한강로4길 11, 2층 201호 (사수동)",,35.89584155,128.5145303,10:00~18:30,10:00~18:30,10:00~18:30,10:00~18:30,10:00~18:30,09:00~14:00,,,,053-322-8075,2021-07-19
인동한의원,영업중,"대구광역시 북구 동천로 125-16, 3층 (동천동, 우리빌딩 )",,35.94326607,128.5590965,09:00~18:30,09:00~18:30,09:00~18:30,,09:00~18:30,09:00~16:00,,,,053-323-9720,2021-07-19
인화당한의원,영업중,대구광역시 북구 호암로 20 (칠성동2가),,35.88201228,128.5933166,09:00~19:00,09:00~19:00,09:00~19:00,09:00~19:00,09:00~19:00,09:00~15:00,,,,053-356-7666,2021-07-19
장수한의원,영업중,대구광역시 북구 침산남로7길 2 (노원동1가),,35.88901513,128.5798685,10:00~17:00,10:00~17:00,10:00~17:00,10:00~17:00,10:00~17:00,,,,,053-353-4524,2021-07-19
제인한의원,영업중,대구광역시 북구 동변로 79 (동변동),,35.92034918,128.603413,09:30~19:00,09:30~21:00,09:30~19:00,09:30~21:00,09:30~19:00,09:30~15:00,,,,053-954-7676,2021-07-19
조무상A3한의원,영업중,대구광역시 북구 대현로 103 (대현동),,35.88245826,128.6104313,09:30~19:00,09:30~19:00,09:30~19:00,09:30~19:00,09:30~19:00,09:30~14:00,,,,053-953-3666,2021-07-19
조일한의원,영업중,"대구광역시 북구 칠성시장로 10, 701호 (칠성동1가)",,35.8753141,128.6050386,09:00~21:00,09:00~17:00,08:00~18:00,14:00~21:00,09:00~17:00,09:00~13:00,,,,053-427-0434,2021-07-19
중국웅재한의원,영업중,대구광역시 북구 성북로 7 (침산동),대구광역시 북구 침산동 458-19번지(1층),35.89038357,128.5844742,09:30~19:00,09:30~19:00,09:30~14:00,09:30~19:00,09:30~19:00,09:30~14:00,,,,053-358-0825,2021-07-19
중용당한의원,영업중,대구광역시 북구 구암로 150 (구암동),,35.93149454,128.5570838,09:00~18:00,09:00~18:00,09:00~18:00,09:00~18:00,09:00~18:00,09:00~17:00,,09:00~17:00,,053-784-1075,2021-07-19
진성한의원,영업중,"대구광역시 북구 옥산로 103, 205동 205호 (칠성동2가, 대우푸르지오1차 상가)",,35.88452637,128.586373,09:30~19:00,09:30~19:00,09:30~19:00,09:30~19:00,09:30~19:00,09:30~14:00,,,,053-357-5391,2021-07-19
채종구한의원,영업중,대구광역시 북구 침산로 176 (침산동),,35.89175188,128.5900417,09:30~19:00,09:30~19:00,09:30~19:00,09:30~19:00,09:30~19:00,09:30~16:00,,,,053-354-4143,2021-07-19
청담한의원,영업중,"대구광역시 북구 팔거천동로 218, 2층,3층 (동천동)",,35.94334071,128.5586109,10:00~16:00,10:00~16:00,10:00~16:00,10:00~16:00,10:00~16:00,,,,,053-327-1415,2021-07-19
청송한의원,영업중,대구광역시 북구 팔달로 215-2 (노원동2가),,35.88817973,128.5736948,08:00~19:30,08:00~19:30,08:00~19:30,08:00~19:30,08:00~19:30,08:00~16:00,08:00~17:00,,"1,2,3,4,5",053-351-3388,2021-07-19
최강한의원,영업중,"대구광역시 북구 칠성남로 226-2, 2층 (칠성동1가)",,35.87593814,128.6049178,10:00~17:00,10:00~17:00,10:00~17:00,10:00~17:00,10:00~17:00,10:00~15:00,,,,053-431-1075,2021-07-19
최한의원,영업중,대구광역시 북구 신암로 107 (대현동),,35.88050752,128.6110635,09:30~18:30,09:30~18:30,09:30~18:30,09:30~18:30,09:30~18:30,09:30~14:00,,,,053-958-3131,2021-07-19
칠곡길한의원,영업중,대구광역시 북구 학정로 426 (구암동),,35.94268675,128.5639915,09:30~18:30,09:30~18:30,09:30~18:30,09:30~18:30,09:30~18:30,09:30~16:00,,,,053-313-3315,2021-07-19
칠곡누가한의원,영업중,대구광역시 북구 칠곡중앙대로 533 (읍내동),대구광역시 북구 읍내동 774-4번지(1층일부),35.94333262,128.5505388,09:00~19:00,09:00~19:00,09:00~19:00,09:00~19:00,09:00~19:00,09:00~13:00,,,,053-322-0750,2021-07-19
칠곡박한의원,영업중,대구광역시 북구 동암로 5-3 (읍내동),,35.94729703,128.5519096,09:30~19:00,,09:30~19:00,,09:30~19:00,09:30~17:30,,,,053-321-4896,2021-07-19
칠곡정한의원,영업중,대구광역시 북구 구암로 87 (읍내동),,35.93259826,128.550328,09:00~20:00,09:00~19:00,09:00~19:00,09:00~20:00,09:00~18:00,09:00~13:00,,09:00~13:00,,053-326-7585,2021-07-19
칠곡제일한의원,영업중,대구광역시 북구 칠곡중앙대로 493 (관음동),,35.93972095,128.549554,08:30~19:30,08:30~19:30,08:30~19:30,10:00~19:00,08:30~19:30,08:30~16:00,,17:00~19:30,,053-325-7970,2021-07-19
칠곡함소아한의원,영업중,"대구광역시 북구 학정로 422, 3층 (구암동, 태을빌딩)",,35.94216213,128.563867,10:00~18:00,14:00~20:00,10:00~18:00,10:00~18:00,10:00~18:00,09:30~16:00,,10:00~16:00,,053-311-1675,2021-07-19
칠성한의원,영업중,대구광역시 북구 칠성시장로 28 (칠성동1가),대구광역시 북구 칠성동1가 276-165 (칠성동1가),35.87639352,128.604644,09:30~18:00,09:30~18:00,09:30~18:00,09:30~18:00,09:30~18:00,09:30~13:00,,,,053-424-4602,2021-07-19
침산한의원,영업중,"대구광역시 북구 침산남로 147, 지하1, 1층 (침산동)",,35.88856855,128.5921619,09:00~18:00,09:00~18:00,09:00~18:00,09:00~18:00,09:00~18:00,,,,,053-356-8783,2021-07-19
큰사랑한의원,영업중,"대구광역시 북구 복현로 71, 상가 112동 206, 207호 (복현동, 복현블루밍브라운스톤 명문세가아파트)",,35.89882314,128.6222011,09:00~18:00,09:00~18:00,09:00~15:30,09:00~18:00,09:00~18:00,09:00~13:00,,,,053-381-3253,2021-07-19
태양한의원,영업중,"대구광역시 북구 칠성시장로 34, D동 2층 2호 (칠성동1가)",,35.87702934,128.6039123,10:00~17:00,10:00~17:00,10:00~17:00,10:00~17:00,10:00~17:00,,,,,053-263-2335,2021-07-19
태전한의원,영업중,대구광역시 북구 학정로 436 (구암동),,35.94334496,128.5641009,09:00~19:00,09:00~19:00,09:00~19:00,09:00~19:00,09:00~19:00,09:00~14:00,,,,053-321-0080,2021-07-19
튼튼한한의원,영업중,대구광역시 북구 동천로23길 2 (동천동),대구광역시 북구 동천동 908-4,35.94214295,128.560356,09:00~19:00,09:00~19:00,09:00~19:00,09:00~19:00,09:00~19:00,09:00~14:00,,,,053-325-3375,2021-07-19
팔공산한의원,영업중,대구광역시 북구 연암로 188 (산격동),,35.90105071,128.5964955,09:30~19:00,09:30~19:00,09:30~19:00,09:30~19:00,09:30~19:00,09:30~16:00,,,,053-954-3399,2021-07-19
팔달한의원,영업중,"대구광역시 북구 팔달로33길 16-18, 2층 (노원동3가)",,35.88922918,128.5688363,09:00~19:00,09:00~19:00,09:00~19:00,14:00~19:00,09:00~19:00,09:00~15:00,,,,053-355-5550,2021-07-19
평강한의원,영업중,대구광역시 북구 구암로 135 (동천동),,35.93212286,128.5557292,09:30~18:30,09:30~18:30,09:30~18:30,09:30~18:30,09:30~18:30,,,,,053-321-2120,2021-07-19
한마음한의원,영업중,"대구광역시 북구 동암로12길 15, 2층 (동천동)",대구광역시 북구 관음동 1383-14,35.93818004,128.5490681,09:00~19:00,09:00~19:00,09:00~19:00,09:00~19:00,09:00~19:00,09:00~15:00,,,,053-321-7755,2021-07-19
해산한의원,영업중,대구광역시 북구 팔달로 185 (노원동2가),,35.88862209,128.5703796,09:30~18:30,09:30~18:30,09:30~18:30,09:30~18:30,09:30~18:30,09:30~14:00,,,,053-356-3060,2021-07-19
혜인한의원,영업중,대구광역시 북구 학정로 421 (동천동),,35.94239565,128.5631131,09:00~19:00,09:00~19:00,09:00~19:00,09:00~19:00,09:00~19:00,09:30~15:00,,,,053-326-1075,2021-07-19
화담한의원,영업중,대구광역시 북구 칠곡중앙대로46길 29-1 (태전동),대구광역시 북구 태전동 547-1번지,35.91890432,128.5500795,10:00~20:00,10:00~20:00,10:00~20:00,14:00~20:00,10:00~20:00,09:30~13:00,,,,053-314-1075,2021-07-19
희영한의원,영업중,대구광역시 북구 호암로 30 (칠성동2가),대구광역시 북구 칠성동2가 378-26번지(3층일부),35.88238338,128.5938733,09:30~18:30,09:30~18:30,09:30~18:30,09:30~18:30,09:30~18:30,09:30~13:00,,09:30~13:00,,053-351-1075,2021-07-19
